Austria;Heavy Vehicle;DIESEL;10-LH;107000
Austria;Heavy Vehicle;DIESEL;10-RD;68000
Austria;Heavy Vehicle;DIESEL;4-LH;98000
Austria;Heavy Vehicle;DIESEL;4-RD;78000
Austria;Heavy Vehicle;DIESEL;4-UD;60000
Austria;Heavy Vehicle;DIESEL;5-LH;116000
Austria;Heavy Vehicle;DIESEL;9-LH;108000
Austria;Heavy Vehicle;DIESEL;9-RD;73000
Austria;Heavy Vehicle;DIESEL;Average;87333.3333333333
Austria;Passenger car;Average;Average;11946.0191877388
Austria;Passenger car;Average;Compact;11946.0191877388
Austria;Passenger car;Average;Large;11946.0191877388
Austria;Passenger car;Average;Midsize;11946.0191877388
Austria;Passenger car;Average;Small;11946.0191877388
Austria;Passenger car;DIESEL;Average;14751.3898179955
Austria;Passenger car;DIESEL;Compact;14751.3898179955
Austria;Passenger car;DIESEL;Large;14751.3898179955
Austria;Passenger car;DIESEL;Midsize;14751.3898179955
Austria;Passenger car;DIESEL;Small;14751.3898179955
Austria;Passenger car;DIESEL/ELECTRIC;Average;11946.0191877388
Austria;Passenger car;DIESEL/ELECTRIC;Large;11946.0191877388
Austria;Passenger car;Electric;Average;11946.0191877388
Austria;Passenger car;Electric;Compact;11946.0191877388
Austria;Passenger car;Electric;Large;11946.0191877388
Austria;Passenger car;Electric;Midsize;11946.0191877388
Austria;Passenger car;Electric;Small;11946.0191877388
Austria;Passenger car;PETROL;Average;10770.856057584
Austria;Passenger car;PETROL;Compact;10770.856057584
Austria;Passenger car;PETROL;Large;10770.856057584
Austria;Passenger car;PETROL;Midsize;10770.856057584
Austria;Passenger car;PETROL;Small;10770.856057584
Austria;Passenger car;PETROL/ELECTRIC;Average;11946.0191877388
Austria;Passenger car;PETROL/ELECTRIC;Compact;11946.0191877388
Austria;Passenger car;PETROL/ELECTRIC;Large;11946.0191877388
Austria;Passenger car;PETROL/ELECTRIC;Midsize;11946.0191877388
Austria;Van;Average;Average;15097.930404196
Austria;Van;Average;Compact;15097.930404196
Austria;Van;Average;Large;15097.930404196
Austria;Van;Average;Midsize;15097.930404196
Austria;Van;Average;Small;15097.930404196
Austria;Van;DIESEL;Average;16437.2629400521
Austria;Van;DIESEL;Compact;16437.2629400521
Austria;Van;DIESEL;Large;16437.2629400521
Austria;Van;DIESEL;Midsize;16437.2629400521
Austria;Van;DIESEL;Small;16437.2629400521
Austria;Van;Electric;Average;15097.930404196
Austria;Van;Electric;Compact;15097.930404196
Austria;Van;Electric;Large;15097.930404196
Austria;Van;Electric;Small;15097.930404196
Austria;Van;PETROL;Average;12689.0550117876
Austria;Van;PETROL;Small;12689.0550117876
Austria;Van;PETROL/ELECTRIC;Average;15097.930404196
Austria;Van;PETROL/ELECTRIC;Midsize;15097.930404196
Brazil;Bus;Thermal;Average;53618.1822495314
Brazil;Motorcycle;Thermal;Average;9711.81816386357
Finland;Heavy Vehicle;DIESEL;10-LH;107000
Finland;Heavy Vehicle;DIESEL;10-RD;68000
Finland;Heavy Vehicle;DIESEL;4-LH;98000
Finland;Heavy Vehicle;DIESEL;4-RD;78000
Finland;Heavy Vehicle;DIESEL;4-UD;60000
Finland;Heavy Vehicle;DIESEL;5-LH;116000
Finland;Heavy Vehicle;DIESEL;9-LH;108000
Finland;Heavy Vehicle;DIESEL;9-RD;73000
Finland;Heavy Vehicle;DIESEL;Average;87333.3333333333
Finland;Passenger car;Average;Average;12831.898305873
Finland;Passenger car;Average;Compact;12831.898305873
Finland;Passenger car;Average;Large;12831.898305873
Finland;Passenger car;Average;Midsize;12831.898305873
Finland;Passenger car;Average;Small;12831.898305873
Finland;Passenger car;DIESEL;Average;15845.3063769637
Finland;Passenger car;DIESEL;Compact;15845.3063769637
Finland;Passenger car;DIESEL;Large;15845.3063769637
Finland;Passenger car;DIESEL;Midsize;15845.3063769637
Finland;Passenger car;DIESEL;Small;15845.3063769637
Finland;Passenger car;DIESEL/ELECTRIC;Average;12831.898305873
Finland;Passenger car;DIESEL/ELECTRIC;Large;12831.898305873
Finland;Passenger car;Electric;Average;12831.898305873
Finland;Passenger car;Electric;Compact;12831.898305873
Finland;Passenger car;Electric;Large;12831.898305873
Finland;Passenger car;Electric;Midsize;12831.898305873
Finland;Passenger car;Electric;Small;12831.898305873
Finland;Passenger car;PETROL;Average;11569.5887831798
Finland;Passenger car;PETROL;Compact;11569.5887831798
Finland;Passenger car;PETROL;Large;11569.5887831798
Finland;Passenger car;PETROL;Midsize;11569.5887831798
Finland;Passenger car;PETROL;Small;11569.5887831798
Finland;Passenger car;PETROL/ELECTRIC;Average;12831.898305873
Finland;Passenger car;PETROL/ELECTRIC;Compact;12831.898305873
Finland;Passenger car;PETROL/ELECTRIC;Large;12831.898305873
Finland;Passenger car;PETROL/ELECTRIC;Midsize;12831.898305873
Finland;Van;Average;Average;16217.5453204225
Finland;Van;Average;Compact;16217.5453204225
Finland;Van;Average;Large;16217.5453204225
Finland;Van;Average;Midsize;16217.5453204225
Finland;Van;Average;Small;16217.5453204225
Finland;Van;DIESEL;Average;17656.198534331
Finland;Van;DIESEL;Compact;17656.198534331
Finland;Van;DIESEL;Large;17656.198534331
Finland;Van;DIESEL;Midsize;17656.198534331
Finland;Van;DIESEL;Small;17656.198534331
Finland;Van;Electric;Average;16217.5453204225
Finland;Van;Electric;Compact;16217.5453204225
Finland;Van;Electric;Large;16217.5453204225
Finland;Van;PETROL;Average;13630.0353239016
Finland;Van;PETROL;Small;13630.0353239016
Finland;Van;PETROL/ELECTRIC;Average;16217.5453204225
Finland;Van;PETROL/ELECTRIC;Midsize;16217.5453204225
France;Heavy Vehicle;DIESEL;10-LH;107000
France;Heavy Vehicle;DIESEL;4-LH;98000
France;Heavy Vehicle;DIESEL;4-RD;78000
France;Heavy Vehicle;DIESEL;4-UD;60000
France;Heavy Vehicle;DIESEL;5-LH;116000
France;Heavy Vehicle;DIESEL;5-RD;78000
France;Heavy Vehicle;DIESEL;9-LH;108000
France;Heavy Vehicle;DIESEL;9-RD;73000
France;Heavy Vehicle;DIESEL;Average;87333.3333333333
France;Passenger car;Average;Average;11688.2958552882
France;Passenger car;Average;Compact;11688.2958552882
France;Passenger car;Average;Large;11688.2958552882
France;Passenger car;Average;Midsize;11688.2958552882
France;Passenger car;Average;Small;11688.2958552882
France;Passenger car;DIESEL;Average;14433.1434396476
France;Passenger car;DIESEL;Compact;14433.1434396476
France;Passenger car;DIESEL;Large;14433.1434396476
France;Passenger car;DIESEL;Midsize;14433.1434396476
France;Passenger car;DIESEL;Small;14433.1434396476
France;Passenger car;DIESEL/ELECTRIC;Average;11688.2958552882
France;Passenger car;DIESEL/ELECTRIC;Large;11688.2958552882
France;Passenger car;Electric;Average;11688.2958552882
France;Passenger car;Electric;Compact;11688.2958552882
France;Passenger car;Electric;Large;11688.2958552882
France;Passenger car;Electric;Midsize;11688.2958552882
France;Passenger car;Electric;Small;11688.2958552882
France;Passenger car;PETROL;Average;10538.4856860919
France;Passenger car;PETROL;Compact;10538.4856860919
France;Passenger car;PETROL;Large;10538.4856860919
France;Passenger car;PETROL;Midsize;10538.4856860919
France;Passenger car;PETROL;Small;10538.4856860919
France;Passenger car;PETROL/ELECTRIC;Average;11688.2958552882
France;Passenger car;PETROL/ELECTRIC;Compact;11688.2958552882
France;Passenger car;PETROL/ELECTRIC;Large;11688.2958552882
France;Passenger car;PETROL/ELECTRIC;Midsize;11688.2958552882
France;Passenger car;PETROL/ELECTRIC;Small;11688.2958552882
France;Van;Average;Average;14772.2077617219
France;Van;Average;Compact;14772.2077617219
France;Van;Average;Large;14772.2077617219
France;Van;Average;Midsize;14772.2077617219
France;Van;Average;Small;14772.2077617219
France;Van;DIESEL;Average;16082.6455470359
France;Van;DIESEL;Compact;16082.6455470359
France;Van;DIESEL;Large;16082.6455470359
France;Van;DIESEL;Midsize;16082.6455470359
France;Van;DIESEL;Small;16082.6455470359
France;Van;Electric;Average;14772.2077617219
France;Van;Electric;Compact;14772.2077617219
France;Van;Electric;Large;14772.2077617219
France;Van;Electric;Small;14772.2077617219
France;Van;PETROL;Average;12415.3014297873
France;Van;PETROL;Small;12415.3014297873
Germany;Heavy Vehicle;DIESEL;10-LH;107000
Germany;Heavy Vehicle;DIESEL;10-RD;68000
Germany;Heavy Vehicle;DIESEL;4-LH;98000
Germany;Heavy Vehicle;DIESEL;4-RD;78000
Germany;Heavy Vehicle;DIESEL;5-LH;116000
Germany;Heavy Vehicle;DIESEL;5-RD;78000
Germany;Heavy Vehicle;DIESEL;9-LH;108000
Germany;Heavy Vehicle;DIESEL;9-RD;73000
Germany;Heavy Vehicle;DIESEL;Average;87333.3333333333
Germany;Passenger car;Average;Average;12270.9805951331
Germany;Passenger car;Average;Compact;12270.9805951331
Germany;Passenger car;Average;Large;12270.9805951331
Germany;Passenger car;Average;Midsize;12270.9805951331
Germany;Passenger car;Average;Small;12270.9805951331
Germany;Passenger car;DIESEL;Average;15152.6642777919
Germany;Passenger car;DIESEL;Compact;15152.6642777919
Germany;Passenger car;DIESEL;Large;15152.6642777919
Germany;Passenger car;DIESEL;Midsize;15152.6642777919
Germany;Passenger car;DIESEL;Small;15152.6642777919
Germany;Passenger car;DIESEL/ELECTRIC;Average;12270.9805951331
Germany;Passenger car;DIESEL/ELECTRIC;Large;12270.9805951331
Germany;Passenger car;Electric;Average;12270.9805951331
Germany;Passenger car;Electric;Compact;12270.9805951331
Germany;Passenger car;Electric;Large;12270.9805951331
Germany;Passenger car;Electric;Midsize;12270.9805951331
Germany;Passenger car;Electric;Small;12270.9805951331
Germany;Passenger car;PETROL;Average;11063.8501075941
Germany;Passenger car;PETROL;Compact;11063.8501075941
Germany;Passenger car;PETROL;Large;11063.8501075941
Germany;Passenger car;PETROL;Midsize;11063.8501075941
Germany;Passenger car;PETROL;Small;11063.8501075941
Germany;Passenger car;PETROL/ELECTRIC;Average;12270.9805951331
Germany;Passenger car;PETROL/ELECTRIC;Compact;12270.9805951331
Germany;Passenger car;PETROL/ELECTRIC;Large;12270.9805951331
Germany;Passenger car;PETROL/ELECTRIC;Midsize;12270.9805951331
Germany;Van;Average;Average;15508.6316290797
Germany;Van;Average;Compact;15508.6316290797
Germany;Van;Average;Large;15508.6316290797
Germany;Van;Average;Midsize;15509.5038603189
Germany;Van;Average;Small;15509.9156097166
Germany;Van;DIESEL;Average;16884.397338111
Germany;Van;DIESEL;Compact;16884.397338111
Germany;Van;DIESEL;Large;16884.397338111
Germany;Van;DIESEL;Midsize;16884.397338111
Germany;Van;DIESEL;Small;16884.397338111
Germany;Van;Electric;Average;15508.6316290797
Germany;Van;Electric;Compact;15508.6316290797
Germany;Van;Electric;Large;15508.6316290797
Germany;Van;Electric;Small;15508.6316290797
Germany;Van;PETROL;Average;13034.228840017
Germany;Van;PETROL;Midsize;13034.228840017
Germany;Van;PETROL;Small;13034.228840017
Italy;Heavy Vehicle;DIESEL;10-LH;107000
Italy;Heavy Vehicle;DIESEL;4-LH;98000
Italy;Heavy Vehicle;DIESEL;4-RD;78000
Italy;Heavy Vehicle;DIESEL;5-LH;116000
Italy;Heavy Vehicle;DIESEL;5-RD;78000
Italy;Heavy Vehicle;DIESEL;9-LH;108000
Italy;Heavy Vehicle;DIESEL;9-RD;73000
Italy;Heavy Vehicle;DIESEL;Average;87333.3333333333
Italy;Passenger car;Average;Average;11510.7868324502
Italy;Passenger car;Average;Compact;11510.7868324502
Italy;Passenger car;Average;Large;11510.7868324502
Italy;Passenger car;Average;Midsize;11510.7868324502
Italy;Passenger car;Average;Small;11510.7868324502
Italy;Passenger car;DIESEL;Average;14213.9486810471
Italy;Passenger car;DIESEL;Compact;14213.9486810471
Italy;Passenger car;DIESEL;Large;14213.9486810471
Italy;Passenger car;DIESEL;Midsize;14213.9486810471
Italy;Passenger car;DIESEL;Small;14213.9486810471
Italy;Passenger car;DIESEL/ELECTRIC;Average;11510.7868324502
Italy;Passenger car;DIESEL/ELECTRIC;Large;11510.7868324502
Italy;Passenger car;Electric;Average;11510.7868324502
Italy;Passenger car;Electric;Compact;11510.7868324502
Italy;Passenger car;Electric;Large;11510.7868324502
Italy;Passenger car;Electric;Midsize;11510.7868324502
Italy;Passenger car;Electric;Small;11510.7868324502
Italy;Passenger car;PETROL;Average;10378.4387194947
Italy;Passenger car;PETROL;Compact;10378.4387194947
Italy;Passenger car;PETROL;Large;10378.4387194947
Italy;Passenger car;PETROL;Midsize;10378.4387194947
Italy;Passenger car;PETROL;Small;10378.4387194947
Italy;Passenger car;PETROL/ELECTRIC;Average;11510.7868324502
Italy;Passenger car;PETROL/ELECTRIC;Compact;11510.7868324502
Italy;Passenger car;PETROL/ELECTRIC;Large;11510.7868324502
Italy;Passenger car;PETROL/ELECTRIC;Midsize;11510.7868324502
Italy;Van;Average;Average;14547.8636659352
Italy;Van;Average;Compact;14547.8636659352
Italy;Van;Average;Large;14547.8636659352
Italy;Van;Average;Midsize;14548.0444342573
Italy;Van;Average;Small;14548.8382846982
Italy;Van;DIESEL;Average;15838.399958881
Italy;Van;DIESEL;Compact;15838.399958881
Italy;Van;DIESEL;Large;15838.399958881
Italy;Van;DIESEL;Midsize;15838.399958881
Italy;Van;DIESEL;Small;15838.399958881
Italy;Van;Electric;Average;14547.8636659352
Italy;Van;Electric;Compact;14547.8636659352
Italy;Van;Electric;Large;14547.8636659352
Italy;Van;Electric;Small;14547.8636659352
Italy;Van;PETROL;Average;12226.7514433457
Italy;Van;PETROL;Compact;12226.7514433457
Italy;Van;PETROL;Large;12226.7514433457
Italy;Van;PETROL;Small;12226.7514433457
Mexico;Bus;Thermal;Average;40000.2081057177
Mexico;Motorcycle;Thermal;Average;5949.17853604734
Norway;Bus;Thermal;Average;92784.4292934696
Norway;Heavy Vehicle;DIESEL;10-LH;107000
Norway;Heavy Vehicle;DIESEL;4-LH;98000
Norway;Heavy Vehicle;DIESEL;4-RD;78000
Norway;Heavy Vehicle;DIESEL;5-LH;116000
Norway;Heavy Vehicle;DIESEL;9-LH;108000
Norway;Heavy Vehicle;DIESEL;9-RD;73000
Norway;Heavy Vehicle;DIESEL;Average;87333.3333333333
Norway;Motorcycle;Thermal;Average;6859.71135029354
Norway;Passenger car;Average;Average;12831.898305873
Norway;Passenger car;Average;Compact;12831.898305873
Norway;Passenger car;Average;Large;12831.898305873
Norway;Passenger car;Average;Midsize;12831.898305873
Norway;Passenger car;Average;Small;12831.898305873
Norway;Passenger car;DIESEL;Average;15845.3063769637
Norway;Passenger car;DIESEL;Compact;15845.3063769637
Norway;Passenger car;DIESEL;Large;15845.3063769637
Norway;Passenger car;DIESEL;Midsize;15845.3063769637
Norway;Passenger car;DIESEL;Small;15845.3063769637
Norway;Passenger car;DIESEL/ELECTRIC;Average;12831.898305873
Norway;Passenger car;DIESEL/ELECTRIC;Large;12831.898305873
Norway;Passenger car;Electric;Average;12831.898305873
Norway;Passenger car;Electric;Compact;12831.898305873
Norway;Passenger car;Electric;Large;12831.898305873
Norway;Passenger car;Electric;Midsize;12831.898305873
Norway;Passenger car;Electric;Small;12831.898305873
Norway;Passenger car;PETROL;Average;11569.5887831798
Norway;Passenger car;PETROL;Compact;11569.5887831798
Norway;Passenger car;PETROL;Large;11569.5887831798
Norway;Passenger car;PETROL;Midsize;11569.5887831798
Norway;Passenger car;PETROL;Small;11569.5887831798
Norway;Passenger car;PETROL/ELECTRIC;Average;12831.898305873
Norway;Passenger car;PETROL/ELECTRIC;Compact;12831.898305873
Norway;Passenger car;PETROL/ELECTRIC;Large;12831.898305873
Norway;Passenger car;PETROL/ELECTRIC;Midsize;12831.898305873
Norway;Passenger car;PETROL/ELECTRIC;Small;12831.898305873
Norway;Van;Average;Average;16217.5453204225
Norway;Van;Average;Compact;16217.5453204225
Norway;Van;Average;Large;16217.5453204225
Norway;Van;Average;Midsize;16217.5453204225
Norway;Van;Average;Small;16218.0991524836
Norway;Van;DIESEL;Average;17656.198534331
Norway;Van;DIESEL;Compact;17656.198534331
Norway;Van;DIESEL;Large;17656.198534331
Norway;Van;DIESEL;Midsize;17656.198534331
Norway;Van;DIESEL;Small;17656.198534331
Norway;Van;Electric;Average;16217.5453204225
Norway;Van;Electric;Compact;16217.5453204225
Norway;Van;Electric;Large;16217.5453204225
Norway;Van;Electric;Small;16217.5453204225
Other European countries;Heavy Vehicle;DIESEL;10-LH;107000
Other European countries;Heavy Vehicle;DIESEL;10-RD;68000
Other European countries;Heavy Vehicle;DIESEL;4-LH;98000
Other European countries;Heavy Vehicle;DIESEL;4-RD;78000
Other European countries;Heavy Vehicle;DIESEL;5-LH;116000
Other European countries;Heavy Vehicle;DIESEL;5-RD ;78000
Other European countries;Heavy Vehicle;DIESEL;9-LH;108000
Other European countries;Heavy Vehicle;DIESEL;9-RD;73000
Poland;Heavy Vehicle;DIESEL;10-LH;107000
Poland;Heavy Vehicle;DIESEL;4-LH;98000
Poland;Heavy Vehicle;DIESEL;4-RD;78000
Poland;Heavy Vehicle;DIESEL;4-UD;60000
Poland;Heavy Vehicle;DIESEL;5-LH;116000
Poland;Heavy Vehicle;DIESEL;5-RD;78000
Poland;Heavy Vehicle;DIESEL;9-LH;108000
Poland;Heavy Vehicle;DIESEL;9-RD;73000
Poland;Heavy Vehicle;DIESEL;Average;87333.3333333333
Poland;Passenger car;Average;Average;11510.7868324502
Poland;Passenger car;Average;Compact;11510.7868324502
Poland;Passenger car;Average;Large;11510.7868324502
Poland;Passenger car;Average;Midsize;11510.7868324502
Poland;Passenger car;Average;Small;11510.7868324502
Poland;Passenger car;DIESEL;Average;14213.9486810471
Poland;Passenger car;DIESEL;Compact;14213.9486810471
Poland;Passenger car;DIESEL;Large;14213.9486810471
Poland;Passenger car;DIESEL;Midsize;14213.9486810471
Poland;Passenger car;DIESEL;Small;14213.9486810471
Poland;Passenger car;DIESEL/ELECTRIC;Average;11510.7868324502
Poland;Passenger car;DIESEL/ELECTRIC;Large;11510.7868324502
Poland;Passenger car;Electric;Average;11510.7868324502
Poland;Passenger car;Electric;Compact;11510.7868324502
Poland;Passenger car;Electric;Large;11510.7868324502
Poland;Passenger car;Electric;Midsize;11510.7868324502
Poland;Passenger car;Electric;Small;11510.7868324502
Poland;Passenger car;PETROL;Average;10378.4387194947
Poland;Passenger car;PETROL;Compact;10378.4387194947
Poland;Passenger car;PETROL;Large;10378.4387194947
Poland;Passenger car;PETROL;Midsize;10378.4387194947
Poland;Passenger car;PETROL;Small;10378.4387194947
Poland;Passenger car;PETROL/ELECTRIC;Average;11510.7868324502
Poland;Passenger car;PETROL/ELECTRIC;Compact;11510.7868324502
Poland;Passenger car;PETROL/ELECTRIC;Large;11510.7868324502
Poland;Passenger car;PETROL/ELECTRIC;Midsize;11510.7868324502
Poland;Passenger car;PETROL/ELECTRIC;Small;11510.7868324502
Poland;Van;Average;Average;14547.8636659352
Poland;Van;Average;Compact;14547.8636659352
Poland;Van;Average;Large;14547.8636659352
Poland;Van;Average;Midsize;14548.4471383145
Poland;Van;Average;Small;14551.1007159049
Poland;Van;DIESEL;Average;15838.399958881
Poland;Van;DIESEL;Compact;15838.399958881
Poland;Van;DIESEL;Large;15838.399958881
Poland;Van;DIESEL;Midsize;15838.399958881
Poland;Van;DIESEL;Small;15838.399958881
Poland;Van;Electric;Average;14547.8636659352
Poland;Van;Electric;Compact;14547.8636659352
Poland;Van;Electric;Large;14547.8636659352
Poland;Van;Electric;Small;14547.8636659352
Poland;Van;PETROL;Average;12226.7514433457
Poland;Van;PETROL;Compact;12226.7514433457
Poland;Van;PETROL;Small;12226.7514433457
Portugal;Heavy Vehicle;DIESEL;10-LH;107000
Portugal;Heavy Vehicle;DIESEL;4-LH;98000
Portugal;Heavy Vehicle;DIESEL;4-RD;78000
Portugal;Heavy Vehicle;DIESEL;5-LH;116000
Portugal;Heavy Vehicle;DIESEL;5-RD;78000
Portugal;Heavy Vehicle;DIESEL;9-LH;108000
Portugal;Heavy Vehicle;DIESEL;9-RD;73000
Portugal;Heavy Vehicle;DIESEL;Average;87333.3333333333
Portugal;Passenger car;Average;Average;10105.6603773585
Portugal;Passenger car;Average;Compact;10105.6603773585
Portugal;Passenger car;Average;Large;10105.6603773585
Portugal;Passenger car;Average;Midsize;10105.6603773585
Portugal;Passenger car;Average;Small;10105.6603773585
Portugal;Passenger car;DIESEL;Average;12478.8461538462
Portugal;Passenger car;DIESEL;Compact;12478.8461538462
Portugal;Passenger car;DIESEL;Large;12478.8461538462
Portugal;Passenger car;DIESEL;Midsize;12478.8461538462
Portugal;Passenger car;DIESEL;Small;12478.8461538462
Portugal;Passenger car;DIESEL/ELECTRIC;Average;10105.6603773585
Portugal;Passenger car;DIESEL/ELECTRIC;Large;10105.6603773585
Portugal;Passenger car;Electric;Average;10105.6603773585
Portugal;Passenger car;Electric;Compact;10105.6603773585
Portugal;Passenger car;Electric;Large;10105.6603773585
Portugal;Passenger car;Electric;Midsize;10105.6603773585
Portugal;Passenger car;Electric;Small;10105.6603773585
Portugal;Passenger car;PETROL;Average;9111.53846153846
Portugal;Passenger car;PETROL;Compact;9111.53846153846
Portugal;Passenger car;PETROL;Large;9111.53846153846
Portugal;Passenger car;PETROL;Midsize;9111.53846153846
Portugal;Passenger car;PETROL;Small;9111.53846153846
Portugal;Passenger car;PETROL/ELECTRIC;Average;10105.6603773585
Portugal;Passenger car;PETROL/ELECTRIC;Compact;10105.6603773585
Portugal;Passenger car;PETROL/ELECTRIC;Large;10105.6603773585
Portugal;Passenger car;PETROL/ELECTRIC;Midsize;10105.6603773585
Portugal;Van;Average;Average;12772
Portugal;Van;Average;Compact;12772
Portugal;Van;Average;Large;12772
Portugal;Van;Average;Midsize;12772
Portugal;Van;Average;Small;12772
Portugal;Van;DIESEL;Average;13905
Portugal;Van;DIESEL;Compact;13905
Portugal;Van;DIESEL;Large;13905
Portugal;Van;DIESEL;Midsize;13905
Portugal;Van;DIESEL;Small;13905
Portugal;Van;Electric;Average;12772
Portugal;Van;Electric;Compact;12772
Portugal;Van;Electric;Large;12772
Portugal;Van;PETROL;Average;10734.2268954631
Portugal;Van;PETROL;Small;10734.2268954631
RoW Americas;Bus;Thermal;Average;35560.9849573632
RoW Americas;Bus;Thermal;Average;35560.9849573632
RoW Americas;Motorcycle;Thermal;Average;6796.40323996943
RoW Americas;Motorcycle;Thermal;Average;6796.40323996943
RoW Europe;Bus;Thermal;Average;127273.05147333
RoW Europe;Motorcycle;Thermal;Average;9409.50866648029
Spain;Heavy Vehicle;DIESEL;10-LH;107000
Spain;Heavy Vehicle;DIESEL;4-LH;98000
Spain;Heavy Vehicle;DIESEL;4-RD;78000
Spain;Heavy Vehicle;DIESEL;5-LH;116000
Spain;Heavy Vehicle;DIESEL;5-RD;78000
Spain;Heavy Vehicle;DIESEL;9-LH;108000
Spain;Heavy Vehicle;DIESEL;9-RD;73000
Spain;Heavy Vehicle;DIESEL;Average;87333.3333333333
Spain;Passenger car;Average;Average;11510.7868324502
Spain;Passenger car;Average;Compact;11510.7868324502
Spain;Passenger car;Average;Large;11510.7868324502
Spain;Passenger car;Average;Midsize;11510.7868324502
Spain;Passenger car;Average;Small;11510.7868324502
Spain;Passenger car;DIESEL;Average;14213.9486810471
Spain;Passenger car;DIESEL;Compact;14213.9486810471
Spain;Passenger car;DIESEL;Large;14213.9486810471
Spain;Passenger car;DIESEL;Midsize;14213.9486810471
Spain;Passenger car;DIESEL;Small;14213.9486810471
Spain;Passenger car;DIESEL/ELECTRIC;Average;11510.7868324502
Spain;Passenger car;DIESEL/ELECTRIC;Large;11510.7868324502
Spain;Passenger car;Electric;Average;11510.7868324502
Spain;Passenger car;Electric;Compact;11510.7868324502
Spain;Passenger car;Electric;Large;11510.7868324502
Spain;Passenger car;Electric;Midsize;11510.7868324502
Spain;Passenger car;Electric;Small;11510.7868324502
Spain;Passenger car;PETROL;Average;10378.4387194947
Spain;Passenger car;PETROL;Compact;10378.4387194947
Spain;Passenger car;PETROL;Large;10378.4387194947
Spain;Passenger car;PETROL;Midsize;10378.4387194947
Spain;Passenger car;PETROL;Small;10378.4387194947
Spain;Passenger car;PETROL/ELECTRIC;Average;11510.7868324502
Spain;Passenger car;PETROL/ELECTRIC;Compact;11510.7868324502
Spain;Passenger car;PETROL/ELECTRIC;Large;11510.7868324502
Spain;Passenger car;PETROL/ELECTRIC;Midsize;11510.7868324502
Spain;Van;Average;Average;14547.8636659352
Spain;Van;Average;Compact;14547.8636659352
Spain;Van;Average;Large;14547.8636659352
Spain;Van;Average;Midsize;14547.8636659352
Spain;Van;Average;Small;14547.8636659352
Spain;Van;DIESEL;Average;15838.399958881
Spain;Van;DIESEL;Compact;15838.399958881
Spain;Van;DIESEL;Large;15838.399958881
Spain;Van;DIESEL;Midsize;15838.399958881
Spain;Van;DIESEL;Small;15838.399958881
Spain;Van;Electric;Average;14547.8636659352
Spain;Van;Electric;Compact;14547.8636659352
Spain;Van;Electric;Large;14547.8636659352
Spain;Van;Electric;Small;14547.8636659352
Spain;Van;PETROL;Average;12226.7514433457
Spain;Van;PETROL;Small;12226.7514433457
United Kingdom;Heavy Vehicle;DIESEL;10-LH;107000
United Kingdom;Heavy Vehicle;DIESEL;10-RD;68000
United Kingdom;Heavy Vehicle;DIESEL;4-LH;98000
United Kingdom;Heavy Vehicle;DIESEL;4-RD;78000
United Kingdom;Heavy Vehicle;DIESEL;4-UD;60000
United Kingdom;Heavy Vehicle;DIESEL;5-LH;116000
United Kingdom;Heavy Vehicle;DIESEL;5-RD;78000
United Kingdom;Heavy Vehicle;DIESEL;9-LH;108000
United Kingdom;Heavy Vehicle;DIESEL;9-RD;73000
United Kingdom;Heavy Vehicle;DIESEL;Average;87333.3333333333
United Kingdom;Passenger car;Average;Average;13186.4150943396
United Kingdom;Passenger car;Average;Compact;13186.4150943396
United Kingdom;Passenger car;Average;Large;13186.4150943396
United Kingdom;Passenger car;Average;Midsize;13186.4150943396
United Kingdom;Passenger car;Average;Small;13186.4150943396
United Kingdom;Passenger car;DIESEL;Average;16283.0769230769
United Kingdom;Passenger car;DIESEL;Compact;16283.0769230769
United Kingdom;Passenger car;DIESEL;Large;16283.0769230769
United Kingdom;Passenger car;DIESEL;Midsize;16283.0769230769
United Kingdom;Passenger car;DIESEL;Small;16283.0769230769
United Kingdom;Passenger car;DIESEL/ELECTRIC;Average;13186.4150943396
United Kingdom;Passenger car;DIESEL/ELECTRIC;Large;13186.4150943396
United Kingdom;Passenger car;Electric;Average;13186.4150943396
United Kingdom;Passenger car;Electric;Compact;13186.4150943396
United Kingdom;Passenger car;Electric;Large;13186.4150943396
United Kingdom;Passenger car;Electric;Midsize;13186.4150943396
United Kingdom;Passenger car;Electric;Small;13186.4150943396
United Kingdom;Passenger car;PETROL;Average;11889.2307692308
United Kingdom;Passenger car;PETROL;Compact;11889.2307692308
United Kingdom;Passenger car;PETROL;Large;11889.2307692308
United Kingdom;Passenger car;PETROL;Midsize;11889.2307692308
United Kingdom;Passenger car;PETROL;Small;11889.2307692308
United Kingdom;Passenger car;PETROL/ELECTRIC;Average;13186.4150943396
United Kingdom;Passenger car;PETROL/ELECTRIC;Compact;13186.4150943396
United Kingdom;Passenger car;PETROL/ELECTRIC;Large;13186.4150943396
United Kingdom;Passenger car;PETROL/ELECTRIC;Midsize;13186.4150943396
United Kingdom;Van;Average;Average;16665.6
United Kingdom;Van;Average;Compact;16665.6
United Kingdom;Van;Average;Large;16665.6
United Kingdom;Van;Average;Midsize;16665.6
United Kingdom;Van;Average;Small;16665.6
United Kingdom;Van;DIESEL;Average;18144
United Kingdom;Van;DIESEL;Compact;18144
United Kingdom;Van;DIESEL;Large;18144
United Kingdom;Van;DIESEL;Midsize;18144
United Kingdom;Van;DIESEL;Small;18144
United Kingdom;Van;Electric;Average;16665.6
United Kingdom;Van;Electric;Compact;16665.6
United Kingdom;Van;Electric;Large;16665.6
United Kingdom;Van;Electric;Small;16665.6
United Kingdom;Van;PETROL;Average;14006.6028616528
United Kingdom;Van;PETROL;Small;14006.6028616528
United Kingdom;Van;PETROL/ELECTRIC;Average;16665.6
United Kingdom;Van;PETROL/ELECTRIC;Midsize;16665.6
United States of America;Bus;Thermal;Average;44739.6863995746
United States of America;Passenger car;CNG;Average;18652.1557112041
United States of America;Passenger car;DIESEL;Average;19180.0253948522
United States of America;Passenger car;DIESEL/ELECTRIC;Average;8882.22910071113
United States of America;Passenger car;E85;Average;12905.0892835821
United States of America;Passenger car;ELECTRIC;Average;3548.38326751055
United States of America;Passenger car;GNL;Average;17983.0274151032
United States of America;Passenger car;LPG;Average;15089.1451554325
United States of America;Passenger car;NG;Average;16783.4325230169
United States of America;Passenger car;NG-BIOMETHANE;Average;16743.0537530944
United States of America;Passenger car;PETROL;Average;18738.0318259625
United States of America;Passenger car;PETROL/ELECTRIC;Average;7180.45731199873
United States of America;Van;DIESEL;Average;21906.1442739118
United States of America;Van;E85;Average;24809.1357057102
United States of America;Van;ELECTRIC;Average;18830.8687300687
United States of America;Van;LPG;Average;27842.7496856551
United States of America;Van;NG;Average;22319.9183829828
United States of America;Van;NG-biomethane;Average;14159.6313295615
United States of America;Van;PETROL;Average;16809.3107468826
United States of America;Van;PETROL/ELECTRIC;Average;15704.3055641758
