DATA CRIAÇÃO;NÚMERO MM;OPER;TIPO;TIPO DE EMISSÃO;MOEDA;MONTANTE;VALOR BALANÇO;DATA INÍCIO;DATA FIM;CÓDIGO ACTIVO;NOME ACTIVO;ISIN;SECTOR INSTITUICIONAL;CONTA;TOTAL;DATA CONTABIL.;TAXA JURO;TOTAL MM;JURO CORRIDO;CÓDIGO PROGRAMA;BALCÃO;NIF CLIENTE;CONTA 074;TIPO TAXA;TAXA INTERVENÇÃO;SPREAD;INDEXANTE;VALOR INDEXANTE;ALTAMIRA;PRODUTO;SUBPRODUTO
21/03/2024;642847;Empréstimo;Papel Comercial;Prémio;EUR;2000000;2000000;25/03/2024;24/03/2025;PC0975_0002;Aquinos 2023 - 2ª Emissão;PTAQ2IJM0001;1312000;AQUINOS S.A.//;2104184.89;21/03/2024;5.152;2104184.89;96743.11;PC0975;6586;501789227;"	";Taxa Variável;5.152;1.25;EURIBOR6M0;3.902;9001451030;113;EMP
21/03/2024;642848;Empréstimo;Papel Comercial;Prémio;EUR;1500000;1000000;25/03/2024;24/03/2025;PC0978_0002;Balbino & Faustino 2023 - 2ª Emissão;PTB24GJM0010;1312000;BALBINO & FAUSTINO, LDA//;1050403.89;21/03/2024;4.985;1050403.89;46803.61;PC0978;6594;501071512;"	";Taxa Variável;4.985;1.25;EURIBOR1Y0;3.735;8027535126;113;EMP
22/03/2024;642944;Empréstimo;Papel Comercial;Prémio;EUR;400000;400000;25/03/2024;24/03/2025;PC0806_0007;GRUPADO - JPM 2020 - 7ª Emissão;PTN22FJM0001;1310000;NOVAFABRIL IMOBILIARIA,LDA//;418139.33;22/03/2024;4.485;418139.33;16843.67;PC0806;6226;507219457;"	";Taxa Variável;4.485;0.75;EURIBOR12M;3.735;7400070148;113;EMP
27/03/2024;643142;Empréstimo;Papel Comercial;Prémio;EUR;1500000;1500000;26/03/2024;25/03/2025;PC1078_0001;CICLO FAPRIL - 2024 - 1ª Emissão;PTC27HJM0007;1312000;CICLO FAPRIL-INDUSTRIAS METALURGICAS,SA//;1570252.00;27/03/2024;4.632;1570252.00;65041;PC1078;6245;500063575;"	";Taxa Variável;4.632;0.95;EURIBOR12M;3.682;8001339905;113;EMP
14/05/2024;645548;Empréstimo;Papel Comercial;Prémio;EUR;800000;800000;16/05/2024;15/05/2025;PC0986_0002;AMILCAR & MORGADO 2023 - 2ª Emissão;PTAM5BJM0004;1310000;AMILCAR & MORGADO - TRATAMENTO E COMERCIALIZACAO DE MEL E PRODUTOS API//;836302.93;14/05/2024;4.488;836302.93;28523.73;PC0986;6247;503580902;"	";Taxa Variável;4.488;0.85;EURIBOR12M;3.638;8042747893;113;EMP
20/05/2024;645901;Empréstimo;Papel Comercial;Prémio;EUR;5000000;5000000;16/05/2024;15/05/2025;PC1093_0001;INSPAUTO - 2024 - 1ª Emissão;PTI69AJM0007;1312000;INSPAUTO INSPECCAO VEICULOS LDA//;5226893.33;20/05/2024;4.488;5226893.33;178273.33;PC1093;6226;503041572;"	";Taxa Variável;4.488;0.85;EURIBOR12M;3.638;8042264407;113;EMP
22/05/2024;646025;Empréstimo;Papel Comercial;Prémio;EUR;350000;350000;24/05/2024;23/05/2025;PC0928_0006;BALANÇAS MARQUES JUNHO 2022 - 6ª Emissão;PTBQ1MJM0004;1312000;BALANCAS MARQUES DE JOSE PIMENTA MARQUES LDA//;365995.78;22/05/2024;4.52;365995.78;12216.56;PC0928;6707;502130326;"	";Taxa Variável;4.52;0.85;EURIBOR1Y0;3.67;8009555287;113;EMP
23/05/2024;646072;Empréstimo;Papel Comercial;Prémio;CHF;2100000;1514386.67;24/05/2024;23/05/2025;PC0924_0009;LAMEIRINHO 2022 - 9ª Emissão;PTLA1CJM0058;1312000;LAMEIRINHO - IND.TEXTIL, SA//;1534120.45;23/05/2024;2.2497;1534120.45;26059.03;PC0924;6246;500151539;"	";Taxa Variável;2.2497;0.6;IRCHSARO12M;1.6497;8002285436;113;EMP
27/05/2024;646241;Empréstimo;Papel Comercial;Prémio;EUR;3750000;1000000;27/05/2024;26/05/2025;PC1092_0001;METALOVIANA – METALURGICA DE VIANA, S - 1ª Emissão;PTM3VQJM0003;1312000;METALOVIANA – Metalurgica de Viana, SA//;1044003.56;27/05/2024;4.352;1044003.56;33244.44;PC1092;6707;501349197;"	";Taxa Variável;4.352;0.65;EURIBOR12M;3.702;1700192879;113;EMP
18/06/2024;647337;Empréstimo;Papel Comercial;Prémio;EUR;1500000;1500000;20/06/2024;19/06/2025;PC0991_0002;NOVARROZ - PRODUTOS ALIMENTARES SA -  - 2ª Emissão;PTN16ZJM0005;1312000;NOVARROZ - PRODUTOS ALIMENTARES SA//;1568553.33;18/06/2024;4.52;1568553.33;47271.67;PC0991;6226;503249734;"	";Taxa Variável;4.52;0.825;EURIBOR6M0;3.695;1700201103;113;EMP
24/06/2024;647637;Empréstimo;Papel Comercial;Prémio;EUR;1000000;1000000;21/06/2024;21/03/2025;PC1105_0001;JULIO SILVA SAMPAIO & CA,SA - 2024 - 1ª Emissão;PTJ60AJM0005;1312000;JULIO SILVA SAMPAIO & CA S.A.//;1035292.83;24/06/2024;4.654;1035292.83;32319.44;PC1105;6246;500742766;"	";Taxa Variável;4.654;1;EURIBOR6M;3.695;8005557137;113;EMP
25/06/2024;647704;Empréstimo;Papel Comercial;Prémio;EUR;1000000;250000;26/06/2024;13/03/2025;PC1069_0007;GRUPADO JAIME ALBERTO, LDA - 2024 - 7ª Emissão;PTC1QDJM0008;1312000;CENARIO ABERTO LDA//;257637.50;25/06/2024;4.23;257637.50;7196.88;PC1069;6247;508368456;"	";Taxa Variável;4.23;0.65;EURIBOR12M;3.58;5100665714;113;EMP
26/06/2024;647856;Empréstimo;Papel Comercial;Prémio;EUR;7000000;7000000;28/06/2024;26/06/2025;PC0993_0002;I-CHARGING MOBILIDADE ELECTRICA S.A.- - 2ª Emissão;PTI67BJM0008;1312000;I-CHARGING MOBILIDADE ELECTRICA S.A.//;7382985.17;26/06/2024;5.426;7382985.17;256378.5;PC0993;7103;515337919;"	";Taxa Variável;5.426;1.85;EURIBOR1Y0;3.576;7402249336;113;EMP
27/06/2024;647884;Empréstimo;Papel Comercial;Prémio;EUR;750000;750000;28/06/2024;27/06/2025;PC0829_0006;NEW DOOR -IMOBILIÁRIA E CONSTRUÇÃO,SA - 6ª Emissão;PTN10EJM0014;1312000;DTX GRUPO, S.A.//;781668.00;27/06/2024;4.176;781668.00;21141;PC0829;6707;506310787;"	";Taxa Variável;4.176;0.6;EURIBOR12M;3.576;7400115380;113;EMP
27/06/2024;647946;Empréstimo;Papel Comercial;Prémio;EUR;1500000;1500000;27/06/2024;24/06/2025;PC1106_0001;J.JUSTINO NEVES, SA - 2024 - 1ª Emissão;PTJ26DJM0005;;J. JUSTINO DAS NEVES, S.A. 29925//;1565175.08;27/06/2024;4.321;1565175.08;43930.17;PC1106;6594;500145318;"	";Taxa Variável;4.321;0.65;EURIBOR6M;3.671;29925;113;EMP
28/06/2024;648028;Empréstimo;Papel Comercial;Prémio;EUR;19500000;500000;28/06/2024;27/06/2025;PC0938_0018;GRUPADO VERACRUZ 2022 - 18ª Emissão;PTV38JJM0009;1310000;VERACRUZ AGRESTATE//;525459.78;28/06/2024;5.036;525459.78;16996.5;PC0938;5223;514342269;"	";Taxa Variável;5.036;1.46;EURIBOR12M;3.576;7401718897;113;EMP
01/07/2024;648095;Empréstimo;Papel Comercial;Prémio;EUR;4000000;1000000;02/07/2024;01/07/2025;PC1111_0001;DEVELOPMENT GROUP - 2024 - 1ª Emissão;PTD39AJM0009;1312000;DEVELOPMENT GROUP ADMINISTRACAO IMOBILIARIA S A//;1043760.89;01/07/2024;4.328;1043760.89;28733.11;PC1111;6245;500302189;"	";Taxa Variável;4.328;0.75;EURIBOR12M;3.578;2381000242;113;EMP
18/07/2024;649153;Empréstimo;Papel Comercial;Prémio;EUR;1500000;500000;19/07/2024;27/03/2025;PC0978_0003;Balbino & Faustino 2023 - 3ª Emissão;PTB24KJM0014;1312000;BALBINO & FAUSTINO, LDA//;516569.49;18/07/2024;4.753;516569.49;14655.08;PC0978;6594;501071512;"	";Taxa Variável;4.753;1.25;EURIBOR12M;3.503;8027535126;113;EMP
26/07/2024;649529;Empréstimo;Papel Comercial;Prémio;EUR;19500000;15000000;30/07/2024;29/07/2025;PC0938_0020;GRUPADO VERACRUZ 2022 - 20ª Emissão;PTV38KJM0006;1310000;VERACRUZ AGRESTATE//;15741043.33;26/07/2024;4.886;15741043.33;429560.83;PC0938;5223;514342269;"	";Taxa Variável;4.886;1.46;EURIBOR1Y0;3.426;7401718897;113;EMP
30/07/2024;649681;Empréstimo;Papel Comercial;Prémio;EUR;19500000;350000;01/08/2024;31/07/2025;PC0938_0021;GRUPADO VERACRUZ 2022 - 21ª Emissão;PTV38LJM0005;1310000;VERACRUZ AGRESTATE//;367220.23;30/07/2024;4.866;367220.23;9887.44;PC0938;5223;514342269;"	";Taxa Variável;4.866;1.46;EURIBOR1Y0;3.406;7401718897;113;EMP
30/07/2024;649697;Empréstimo;Papel Comercial;Prémio;EUR;19500000;1500000;01/08/2024;31/07/2025;PC0938_0022;GRUPADO VERACRUZ 2022 - 22ª Emissão;PTV39CJM0005;1312000;VERACRUZ HOLDING SGPS, LDA//;1573801.00;30/07/2024;4.866;1573801.00;42374.75;PC0938;5223;515797332;"	";Taxa Variável;4.866;1.46;EURIBOR1Y0;3.406;7401974163;113;EMP
07/08/2024;650160;Empréstimo;Papel Comercial;Prémio;EUR;19500000;450000;09/08/2024;08/08/2025;PC0938_0023;GRUPADO VERACRUZ 2022 - 23ª Emissão;PTV40GJM0008;1312000;VERACRUZ AGRO, S.A//;471166.60;07/08/2024;4.652;471166.60;11688.15;PC0938;5223;516484656;"	";Taxa Variável;4.652;1.46;EURIBOR1Y0;3.192;7402296772;113;EMP
08/08/2024;650252;Empréstimo;Papel Comercial;Prémio;EUR;4000000;4000000;12/08/2024;05/05/2025;PC1132_0001;JLS 2024 - 1ª Emissão;PTJ296JM0028;1312000;J.L.S.-TRANSPORTES INTERNACIONAIS,LDA//;4106459.11;08/08/2024;3.602;4106459.11;79244;PC1132;6247;502301422;"	";Taxa Variável;3.602;0.4;EURIBOR1Y0;3.202;8035997954;113;EMP
09/08/2024;650326;Empréstimo;Papel Comercial;Prémio;EUR;19500000;650000;13/08/2024;12/08/2025;PC0938_0024;GRUPADO VERACRUZ 2022 - 24ª Emissão;PTV38MJM0004;1310000;VERACRUZ AGRESTATE//;680468.82;09/08/2024;4.636;680468.82;16489.99;PC0938;5223;514342269;"	";Taxa Variável;4.636;1.46;EURIBOR1Y0;3.176;7401718897;113;EMP
12/08/2024;650342;Empréstimo;Papel Comercial;Prémio;EUR;19500000;500000;14/08/2024;13/08/2025;PC0938_0025;GRUPADO VERACRUZ 2022 - 25ª Emissão;PTVT1BJM0009;1312000;VERATECH, UNIPESSOAL, LDA//;523513.39;12/08/2024;4.651;523513.39;12661.06;PC0938;5223;516166417;"	";Taxa Variável;4.651;1.46;EURIBOR12M;3.191;7402089971;113;EMP
13/08/2024;650461;Empréstimo;Papel Comercial;Prémio;EUR;1000000;1000000;13/08/2024;08/05/2025;PC1135_0001;INSPAUTO 1 MIO 2024 - 1ª Emissão;PTI69BJM0006;1312000;INSPAUTO INSPECCAO VEICULOS LDA//;1029971.33;13/08/2024;4.026;1029971.33;22031.17;PC1135;6226;503041572;"	";Taxa Variável;4.026;0.85;EURIBOR12M;3.176;8042264407;113;EMP
28/08/2024;651173;Empréstimo;Papel Comercial;Prémio;EUR;70000000;30000000;28/08/2024;27/08/2025;PC0765_0019;GRUPADO ALTRI 2019 - 19ª Emissão;PTC07UJM0046;1312000;CELULOSE BEIRA INDUSTRIAL ( CELBI ), SA//;31157520.00;28/08/2024;3.816;31157520.00;578760;PC0765;7102;500060266;"	31000310019433074";Taxa Variável;3.816;0.7;EURIBOR12M;3.116;8001410107;113;EMP
28/08/2024;651176;Empréstimo;Papel Comercial;Prémio;EUR;850000;850000;30/08/2024;28/02/2025;PC0904_0007;GRUPADO MONTEIRO RIBAS - MARÇO 2022 - 7ª Emissão;PTM84VJM0148;1312000;MONTEIRO RIBAS-INDUSTRIAS S.A.//;853008.06;28/08/2024;0.7;853008.06;2975;PC0904;6581;500196435;"	";Taxa Fixa;0.7;;;;19565;113;EMP
28/08/2024;651177;Empréstimo;Papel Comercial;Prémio;EUR;600000;600000;30/08/2024;28/02/2025;PC0942_0005;Valente Marques SA 2022 - 5ª Emissão;PTV02XJM0037;1312000;VALENTE MARQUES COMERCIAL S.A.//;612342.63;28/08/2024;4.069;612342.63;12207;PC0942;6226;500295069;"	";Taxa Variável;4.069;0.95;EUR10M-AVEM;3.119;23746;113;EMP
28/08/2024;651205;Empréstimo;Papel Comercial;Prémio;USD;50000000;8995232.53;30/08/2024;24/04/2025;PC0546_0038;HOVIONE 2017 - 38ª Emissão;PTH48LJM0027;1312000;HOVIONE-FARMACIENCIA S.A.//;10324993.49;28/08/2024;4.93661;10324993.49;246830;PC0546;7103;500135495;"	31000310016330074";Taxa Variável;4.93661;0.69;IRUSDSOF12M;4.24661;8000419141;113;EMP
29/08/2024;651261;Empréstimo;Papel Comercial;Prémio;EUR;1000000;1000000;30/08/2024;29/08/2025;PC1008_0002;GRUPADO VIOLAS 2023 - 2ª Emissão;PTCP1BJM0007;1312000;CLIP-COLÉGIO LUSO INTERNACIONAL DO PORTO,S.A.//;1046703.22;29/08/2024;4.619;1046703.22;23095;PC1008;7102;503110175;"	";Taxa Variável;4.619;1.5;EURIBOR12M;3.119;8029472685;113;EMP
03/09/2024;651403;Empréstimo;Papel Comercial;Prémio;EUR;3700000;3700000;05/09/2024;07/03/2025;PC0866_0007;ASCENDUM I - 2021 - 7ª Emissão;PTA117JM0123;1312000;ASCENDUM SA//;3711285.00;03/09/2024;0.6;3711285.00;10730;PC0866;7102;500038007;"	";Taxa Fixa;0.6;;;;8001112390;113;EMP
03/09/2024;651416;Empréstimo;Papel Comercial;Prémio;EUR;7500000;7500000;05/09/2024;04/03/2025;PC1139_0001;GRUPO SALVADOR CAETANO 2024 - 1ª Emissão;PTGR1VJM0075;1312000;GRUPO SALVADOR CAETANO SGPS, SA//;7654912.50;03/09/2024;4.131;7654912.50;149748.75;PC1139;7102;501288007;"	";Taxa Variável;4.131;0.75;EURIBOR6M;3.381;8026147349;113;EMP
04/09/2024;651446;Empréstimo;Papel Comercial;Prémio;EUR;3000000;500000;04/09/2024;06/03/2025;PC1006_0005;GRUPADO XRS 2023 - 5ª Emissão;PTX00DJM0007;1312000;XRS MOTOR S.A.//;511948.38;04/09/2024;4.701;511948.38;11426.04;PC1006;6581;508737583;"	";Taxa Variável;4.701;1.35;EURIBOR6M;3.351;7400593826;113;EMP
04/09/2024;651458;Empréstimo;Papel Comercial;Prémio;EUR;3000000;2500000;04/09/2024;06/03/2025;PC1006_0006;GRUPADO XRS 2023 - 6ª Emissão;PTXR1CJM0008;1310000;XRS HOLDING SGPS, S.A.//;2559741.88;04/09/2024;4.701;2559741.88;57130.21;PC1006;6581;513238875;"	";Taxa Variável;4.701;1.35;EURIBOR6M;3.351;7401276306;113;EMP
04/09/2024;651489;Empréstimo;Papel Comercial;Prémio;USD;50000000;28959276.02;06/09/2024;24/04/2025;PC0546_0039;HOVIONE 2017 - 39ª Emissão;PTH48BJM0029;1312000;HOVIONE-FARMACIENCIA S.A.//;32998476.00;04/09/2024;4.88385;32998476.00;751035.29;PC0546;7103;500135495;"	31000310016330074";Taxa Variável;4.88385;0.69;IRUSDSOF12M;4.19385;8000419141;113;EMP
11/09/2024;651778;Empréstimo;Papel Comercial;Prémio;EUR;1500000;1500000;10/09/2024;07/03/2025;PC1141_0001;CFPT 2024 - 1ª Emissão;PTCX3AJM0000;1312000;CFPT - VEICULOS E ACESSORIOS, S.A.//;1528368.75;11/09/2024;3.825;1528368.75;26934.38;PC1141;6226;517086840;"	";Taxa Variável;3.825;0.8;EURIBOR12M;3.025;7402391982;113;EMP
12/09/2024;651873;Empréstimo;Papel Comercial;Prémio;EUR;100000;100000;16/09/2024;17/03/2025;PC0803_0010;GRUPADO GLOBALVALOS - 2020 - 10ª Emissão;PTG36MJM0013;1312000;GLOBALVALOS SGPS, S.A.//;101834.66;12/09/2024;3.629;101834.66;1643.13;PC0803;6226;510295193;"	";Taxa Variável;3.629;0.7;EURIBOR1Y0;2.929;7401029852;113;EMP
13/09/2024;651969;Empréstimo;Papel Comercial;Prémio;EUR;1750000;750000;12/09/2024;12/03/2025;PC1142_0001;GRUPADO M A SILVA - 1ª Emissão;PTM96QJM0000;1310000;M.A.SILVA - CORTIÇAS, LDA//;764970.21;13/09/2024;3.97;764970.21;13812.29;PC1142;6226;502434570;"	";Taxa Variável;3.97;1;EURIBOR12M;2.97;8017699072;113;EMP
13/09/2024;651970;Empréstimo;Papel Comercial;Prémio;EUR;1750000;500000;12/09/2024;12/03/2025;PC1142_0002;GRUPADO M A SILVA - 2ª Emissão;PTM95IJM0001;1312000;M.A.SILVA II -CORTIÇAS, LDA.//;509980.14;13/09/2024;3.97;509980.14;9208.19;PC1142;6226;504540491;"	";Taxa Variável;3.97;1;EURIBOR12M;2.97;8043804793;113;EMP
13/09/2024;651971;Empréstimo;Papel Comercial;Prémio;EUR;1750000;500000;12/09/2024;12/03/2025;PC1142_0003;GRUPADO M A SILVA - 3ª Emissão;PTMS3OJM0003;1312000;M.A. SILVA 3 - CORTICAS, LDA.//;509980.14;13/09/2024;3.97;509980.14;9208.19;PC1142;6226;505629577;"	";Taxa Variável;3.97;1;EURIBOR12M;2.97;7400043088;113;EMP
17/09/2024;652087;Empréstimo;Papel Comercial;Prémio;EUR;3750000;3750000;19/09/2024;19/03/2025;PC0943_0004;FAPRICELA 2022 - 4ª Emissão;PTFA1GJM0023;1312000;FAPRICELA INDUSTRIA DE TREFILARIA, SA//;3820665.42;17/09/2024;3.748;3820665.42;62466.67;PC0943;6586;500643130;"	";Taxa Variável;3.748;0.8;EURIBOR1Y0;2.948;2100297497;113;EMP
18/09/2024;652157;Empréstimo;Papel Comercial;Prémio;EUR;3250000;3250000;20/09/2024;20/03/2025;PC0944_0043;GRUPADO ETE SETEMBRO 2022 - 43ª Emissão;PTT68TJM0004;1310000;TRANSINSULAR ACORES TRANSPORTES MARITIMOS INSULARES S.A.//;3343776.85;18/09/2024;5.739;3343776.85;82378.56;PC0944;7103;512018669;"	";Taxa Variável;5.739;2.5;EURIBOR6M0;3.239;2101245603;113;EMP
19/09/2024;652259;Empréstimo;Papel Comercial;Prémio;EUR;8250000;1100000;23/09/2024;24/03/2025;PC0835_0022;POLIVOUGA 2020 - 22ª Emissão;PTP21YJM0056;1312000;POLIVOUGA- INDUSTRIA DE PLASTICOS, SA//;1104726.94;19/09/2024;0.85;1104726.94;4051.67;PC0835;6245;501344900;"	";Taxa Fixa;0.85;;;;24337;113;EMP
19/09/2024;652260;Empréstimo;Papel Comercial;Prémio;EUR;8250000;5200000;23/09/2024;22/09/2025;PC0835_0023;POLIVOUGA 2020 - 23ª Emissão;PTP21PJM0057;1312000;POLIVOUGA- INDUSTRIA DE PLASTICOS, SA//;5244691.11;19/09/2024;0.85;5244691.11;19153.33;PC0835;6245;501344900;"	";Taxa Fixa;0.85;;;;24337;113;EMP
19/09/2024;652261;Empréstimo;Papel Comercial;Prémio;EUR;8250000;1700000;23/09/2024;22/09/2025;PC0835_0024;POLIVOUGA 2020 - 24ª Emissão;PTP212JM0059;1312000;POLIVOUGA- INDUSTRIA DE PLASTICOS, SA//;1714610.56;19/09/2024;0.85;1714610.56;6261.67;PC0835;6245;501344900;"	";Taxa Fixa;0.85;;;;24337;113;EMP
19/09/2024;652264;Empréstimo;Papel Comercial;Prémio;EUR;19500000;500000;23/09/2024;22/09/2025;PC0938_0026;GRUPADO VERACRUZ 2022 - 26ª Emissão;PTV38NJM0003;1310000;VERACRUZ AGRESTATE//;522224.22;19/09/2024;4.396;522224.22;9524.67;PC0938;5223;514342269;"	";Taxa Variável;4.396;1.46;EURIBOR1Y0;2.936;7401718897;113;EMP
19/09/2024;652270;Empréstimo;Papel Comercial;Prémio;EUR;500000;500000;20/09/2024;21/03/2025;PC1076_0003;F.FONSECA, SA - 2024 - 3ª Emissão;PTFS1FJM0000;1312000;F.FONSECA S.A.//;509405.86;19/09/2024;3.721;509405.86;8217.21;PC1076;6245;500833982;"	";Taxa Variável;3.721;0.8;EURIBOR12M;2.921;8027959704;113;EMP
20/09/2024;652294;Empréstimo;Papel Comercial;Prémio;EUR;8250000;250000;24/09/2024;24/03/2025;PC0835_0025;POLIVOUGA 2020 - 25ª Emissão;PTP218JM0053;1312000;POLIVOUGA- INDUSTRIA DE PLASTICOS, SA//;251068.40;20/09/2024;0.85;251068.40;914.93;PC0835;6245;501344900;"	";Taxa Fixa;0.85;;;;24337;113;EMP
20/09/2024;652327;Empréstimo;Papel Comercial;Prémio;EUR;1600000;1600000;24/09/2024;24/03/2025;PC0140_0040;SANINDUSA 2010 - 40ª Emissão;PTS54LJM0017;1312000;SANINDUSA-INDÚSTRIA DE SANITÁRIOS SA//;1632121.47;20/09/2024;3.993;1632121.47;27507.33;PC0140;6245;502615982;"	31000310007875074";Taxa Variável;3.993;1.075;EURIBOR1Y0;2.918;2631000391;113;EMP
20/09/2024;652336;Empréstimo;Papel Comercial;Prémio;EUR;1500000;1400000;20/09/2024;19/09/2025;PC1143_0001;GRUPADO GLOBALVALOS 2024 - 1ª Emissão;PTL79AJM0000;1312000;LITOSTEEL I UNIPESSOAL LDA//;1454088.38;20/09/2024;3.821;1454088.38;23626.52;PC1143;6226;517673746;"	";Taxa Variável;3.821;0.9;EURIBOR12M;2.921;7402792882;113;EMP
20/09/2024;652339;Empréstimo;Papel Comercial;Prémio;EUR;1500000;100000;20/09/2024;19/09/2025;PC1143_0002;GRUPADO GLOBALVALOS 2024 - 2ª Emissão;PTEB1DJM0001;1312000;EMBALAGENS METALICAS RIO CAIMA, S.A.//;103863.46;20/09/2024;3.821;103863.46;1687.61;PC1143;6226;510377017;"	";Taxa Variável;3.821;0.9;EURIBOR12M;2.921;7401051741;113;EMP
23/09/2024;652397;Empréstimo;Papel Comercial;Prémio;EUR;1700000;1700000;25/09/2024;25/03/2025;PC1011_0003;INVESTMCD - 2023 - 3ª Emissão;PTINVCJM0003;1310000;INVESTMCD, LDA//;1733864.09;23/09/2024;3.962;1733864.09;28812.54;PC1011;6595;515207047;"	";Taxa Variável;3.962;1.06;EURIBOR1Y0;2.902;7402162658;113;EMP
23/09/2024;652401;Empréstimo;Papel Comercial;Prémio;EUR;900000;900000;25/09/2024;25/03/2025;PC1074_0002;ROCLAYER PACKAGING COMPOUNDS,SA - 202 - 2ª Emissão;PTR74BJM0008;1312000;ROCLAYER - PACKAGING COMPOUNDS, S.A.//;916525.30;23/09/2024;3.652;916525.30;14060.2;PC1074;6226;514300876;"	";Taxa Variável;3.652;0.75;EURIBOR1Y0;2.902;7401543166;113;EMP
23/09/2024;652403;Empréstimo;Papel Comercial;Prémio;EUR;1000000;1000000;23/09/2024;23/06/2025;PC1144_0001;TORMETAIS 2024 - 1ª Emissão;PTT75AJM0006;1312000;TORMETAIS-SOCIEDADE DE COMERCIALIZACAO DE METAIS LDA//;1029590.17;23/09/2024;3.902;1029590.17;16908.67;PC1144;6226;503194395;"	";Taxa Variável;3.902;1;EURIBOR1Y0;2.902;5100390795;113;EMP
23/09/2024;652410;Empréstimo;Papel Comercial;Prémio;CHF;400000;370448.77;23/09/2024;21/03/2025;PC0833_0016;LAMEIRINHO 2020 - 16ª Emissão;PTLA11JM0050;1312000;LAMEIRINHO - IND.TEXTIL, SA//;353330.37;23/09/2024;1.9137;353330.37;2902.45;PC0833;6246;500151539;"	";Taxa Variável;1.9137;0.575;IRCHSARON6M;1.3387;8002285436;113;EMP
24/09/2024;652444;Empréstimo;Papel Comercial;Prémio;EUR;2000000;2000000;26/09/2024;26/03/2025;PC0852_0010;GRUPADO TARHOL - 2021 - 10ª Emissão;PTTH1OJM0003;1312000;TARHOL, SA//;2009552.78;24/09/2024;0.95;2009552.78;8075;PC0852;6581;514825979;"	";Taxa Fixa;0.95;;;;7401859475;113;EMP
24/09/2024;652482;Empréstimo;Papel Comercial;Prémio;EUR;1500000;1500000;25/09/2024;19/03/2025;PC1075_0002;METALUSA 2024 - 2ª Emissão;PTME4BJM0007;1312000;METALUSA SA//;1530275.00;24/09/2024;4.152;1530275.00;26642;PC1075;6245;502444274;"	";Taxa Variável;4.152;1.25;EURIBOR12M;2.902;8028107744;113;EMP
25/09/2024;652556;Empréstimo;Papel Comercial;Prémio;EUR;1800000;1800000;27/09/2024;27/03/2025;PC1079_0002;BIOPORT SA - 2024 - 2ª Emissão;PTB1TDJM0007;1312000;BIOPORT SA//;1834887.75;25/09/2024;3.855;1834887.75;29298;PC1079;6228;507800699;"	";Taxa Variável;3.855;0.7;EURIBOR6M0;3.155;7400325981;113;EMP
26/09/2024;652643;Empréstimo;Papel Comercial;Prémio;EUR;19500000;50000;30/09/2024;29/09/2025;PC0938_0027;GRUPADO VERACRUZ 2022 - 27ª Emissão;PTV40HJM0007;1312000;VERACRUZ AGRO, S.A//;52130.92;26/09/2024;4.215;52130.92;872.27;PC0938;5223;516484656;"	";Taxa Variável;4.215;1.46;EURIBOR1Y0;2.755;7402296772;113;EMP
26/09/2024;652662;Empréstimo;Papel Comercial;Prémio;EUR;1000000;150000;30/09/2024;13/03/2025;PC1069_0008;GRUPADO JAIME ALBERTO, LDA - 2024 - 8ª Emissão;PTC1QEJM0007;1312000;CENARIO ABERTO LDA//;152326.75;26/09/2024;3.405;152326.75;2113.94;PC1069;6247;508368456;"	";Taxa Variável;3.405;0.65;EURIBOR1Y0;2.755;5100665714;113;EMP
26/09/2024;652688;Empréstimo;Papel Comercial;Prémio;EUR;15000000;15000000;27/09/2024;26/09/2025;PC1148_0001;EXPRESSÃO LIVRE II - 1ª Emissão;PTEX4AJM0005;1312000;EXPRESSAO LIVRE II - SGPS S.A.//;15625776.67;26/09/2024;4.126;15625776.67;261313.33;PC1148;7102;517786346;"	";Taxa Variável;4.126;1.35;EURIBOR12M;2.776;7402708541;113;EMP
03/10/2024;653068;Empréstimo;Papel Comercial;Prémio;EUR;5000000;5000000;07/10/2024;07/04/2025;PC0875_0006;RENOVA - 2021 - 6ª Emissão;PTR51DJM0011;1312000;RENOVA - Fábrica de Papel do Almonda, S.A., Zibreira//;5013902.78;03/10/2024;0.55;5013902.78;10847.22;PC0875;6239;500348723;"	";Taxa Fixa;0.55;;;;909;113;EMP
03/10/2024;653072;Empréstimo;Papel Comercial;Prémio;EUR;2000000;1100000;04/10/2024;26/09/2025;PC1154_0001;LASKASAS 2024 - 1ª Emissão;PTL661JM0005;1312000;LASKASAS, S.A//;1135942.96;03/10/2024;3.295;1135942.96;14598.68;PC1154;6228;507272102;"	";Taxa Variável;3.295;0.55;EURIBOR12M;2.745;7400259429;113;EMP
11/10/2024;653549;Empréstimo;Papel Comercial;Prémio;EUR;750000;750000;11/10/2024;10/10/2025;PC1156_0001;PRIMUS 2024 - 1ª Emissão;PTPZ1AJM0017;1312000;PRIMUS CERAMICS, SA//;777618.50;11/10/2024;3.642;777618.50;10470.75;PC1156;6245;500222398;"	";Taxa Variável;3.642;0.85;EURIBOR12M;2.792;5100645795;113;EMP
15/10/2024;653644;Empréstimo;Papel Comercial;Prémio;EUR;6000000;6000000;16/10/2024;16/04/2025;PC1157_0001;MAREC - OUT 2024 - 1ª Emissão;PTME2PJM0003;1312000;MAREC - ESPACO CASA, S.A.//;6106136.33;15/10/2024;3.499;6106136.33;77561.17;PC1157;6390;507854551;"	";Taxa Variável;3.499;0.7;EURIBOR12M;2.799;7400548803;113;EMP
16/10/2024;653715;Empréstimo;Papel Comercial;Prémio;EUR;750000;50000;18/10/2024;04/04/2025;PC1082_0001;BEIRABAGA - 2024 - 1ª Emissão;PTB63AJM0000;1312000;BEIRABAGA - SOCIEDADE DE PRODUCAO E COMERCIALIZACA//;50850.03;16/10/2024;3.643;50850.03;662.82;PC1082;6247;504396498;"	";Taxa Variável;3.643;0.9;EURIBOR1Y0;2.743;7400171147;113;EMP
17/10/2024;653762;Empréstimo;Papel Comercial;Prémio;EUR;800000;800000;21/10/2024;22/04/2025;PC0905_0006;LOGISPACE - ABRIL 2022 - 6ª Emissão;PTL73FJM0001;1312000;LOGISPACE - LOGISTICA E TRANSPORTES S.A.//;805205.33;17/10/2024;1.28;805205.33;3640.89;PC0905;6586;508971446;"	";Taxa Fixa;1.28;;;;7400673774;113;EMP
18/10/2024;653882;Empréstimo;Papel Comercial;Prémio;EUR;2000000;2000000;22/10/2024;22/04/2025;PC1087_0002;TRANSPORTES CENTRAL POMBALENSE,LDA -2 - 2ª Emissão;PTT473JM0014;1310000;TRANSPORTES CENTRAL POMBALENSE,LDA//;2038199.78;18/10/2024;3.778;2038199.78;26655.89;PC1087;6586;500490023;"	";Taxa Variável;3.778;0.75;EURIBOR6M0;3.028;8027207159;113;EMP
21/10/2024;653920;Empréstimo;Papel Comercial;Prémio;EUR;750000;150000;23/10/2024;26/02/2025;PC1128_0004;TRANSGRANITOS 2024 - 4ª Emissão;PTT1GDJM0004;1312000;TRANSGRANITOS-MARMORES E GRANITOS ALTO TAMEGA,LDA//;151669.50;21/10/2024;3.18;151669.50;1669.5;PC1128;6228;502214244;"	";Taxa Variável;3.18;0.55;EURIBOR1Y0;2.63;8025832051;113;EMP
23/10/2024;654062;Empréstimo;Papel Comercial;Prémio;EUR;1000000;500000;22/10/2024;21/10/2025;PC1160_0001;EPORIFRUTAS,SA - 2024 - 1ª Emissão;PTEB2AJM0003;1312000;EPORIFRUTAS S.A.//;520014.94;23/10/2024;3.959;520014.94;6983.24;PC1160;6593;509808727;"	";Taxa Variável;3.959;1.25;EURIBOR12M;2.709;7401088214;113;EMP
23/10/2024;654074;Empréstimo;Papel Comercial;Prémio;EUR;17000000;12000000;25/10/2024;24/04/2025;PC0842_0021;GRUPADO MARTINIQUAISE - 2020 - 21ª Emissão;PTG13MJM0069;1312000;GRANVINHOS, LDA.//;12221664.67;23/10/2024;3.674;12221664.67;151858.67;PC0842;7102;500359423;"	";Taxa Variável;3.674;1;EURIBOR1Y0;2.674;784;113;EMP
24/10/2024;654103;Empréstimo;Papel Comercial;Prémio;EUR;800000;800000;25/10/2024;24/04/2025;PC0880_0007;GRUPADO FERPINTA 2021 - 7ª Emissão;PTF51RJM0019;1312000;Ferpinta Comercial//;803016.67;24/10/2024;0.75;803016.67;2066.67;PC0880;6226;513882669;"	";Taxa Fixa;0.75;;;;7401475729;113;EMP
24/10/2024;654108;Empréstimo;Papel Comercial;Prémio;EUR;2500000;2500000;28/10/2024;08/08/2025;PC1134_0001;JPM 2024 - 1ª Emissão;PTJ49HJM0004;1312000;JPM - AUTOMACAO INDUSTRIAL, LDA//;2566345.56;24/10/2024;3.364;2566345.56;28266.94;PC1134;6226;504496956;"	";Taxa Variável;3.364;0.75;EURIBOR1Y0;2.614;1700052634;113;EMP
25/10/2024;654195;Empréstimo;Papel Comercial;Desconto;EUR;125000000;125000000;28/10/2024;28/04/2025;PC0136_0911;REN SGPS 2008 I - 911ª Emissão;PTRE17JM0096;1310000;REN-REDES ENERGETICAS NACIONAIS SGPS SA//;125000000.00;25/10/2024;1.09;125000000.00;229602.82;PC0136;9411;503264032;"	31000050023416074";Taxa Fixa;1.09;;;;8029540733;113;EMP
25/10/2024;654196;Empréstimo;Papel Comercial;Desconto;EUR;125000000;125000000;28/10/2024;28/04/2025;PC1088_0002;REN SGPS 2008 II - 2ª Emissão;PTRE1VJM0096;1310000;REN-REDES ENERGETICAS NACIONAIS SGPS SA//;125000000.00;25/10/2024;3.47;125000000.00;722294.23;PC1088;9411;503264032;"	";Taxa Variável;3.47;0.55;EURIBOR6M;2.92;8029540733;113;EMP
25/10/2024;654217;Empréstimo;Papel Comercial;Prémio;EUR;1800000;1800000;29/10/2024;29/04/2025;PC1083_0002;CARTONAGEM TRINDADE - 2024 - 2ª Emissão;PTC98TJM0023;1312000;CARTONAGEM TRINDADE - INDUSTRIA S.A.//;1830166.50;25/10/2024;3.315;1830166.50;19890;PC1083;6226;509617964;"	";Taxa Variável;3.315;0.75;EURIBOR12M;2.565;7401009221;113;EMP
28/10/2024;654289;Empréstimo;Papel Comercial;Prémio;EUR;2000000;650000;29/10/2024;24/04/2025;PC1154_0002;LASKASAS 2024 - 2ª Emissão;PTL665JM0001;1312000;LASKASAS, S.A//;659955.02;28/10/2024;3.115;659955.02;6749.17;PC1154;6228;507272102;"	";Taxa Variável;3.115;0.55;EURIBOR12M;2.565;7400259429;113;EMP
28/10/2024;654292;Empréstimo;Papel Comercial;Prémio;EUR;40000000;21000000;30/10/2024;30/04/2025;PC0952_0012;GRUPADO CIMPOR 2022 - 12ª Emissão;PTCP4SJM0005;1312000;Cimpor Portugal Holdings, Sgps, S.A.//;21467664.17;28/10/2024;4.405;21467664.17;305780.42;PC0952;9405;515156108;"	";Taxa Variável;4.405;1.5;EURIBOR6M0;2.905;7402037154;113;EMP
28/10/2024;654325;Empréstimo;Papel Comercial;Prémio;EUR;6000000;1000000;28/10/2024;27/10/2025;PC1138_0001;GRUPADO FERPINTA TURISMO 2024 - 1ª Emissão;PTS71BJM0000;1312000;VILA BALEIRA PORTO SANTO SA//;1031486.00;28/10/2024;3.114;1031486.00;10466.5;PC1138;6226;511085133;"	";Taxa Variável;3.114;0.5;EURIBOR12M;2.614;2101706900;113;EMP
28/10/2024;654327;Empréstimo;Papel Comercial;Prémio;EUR;1500000;1500000;28/10/2024;15/04/2025;PC1158_0001;PETROTEC - 2024 - 1ª Emissão;PTP34QJM0028;1312000;PETROTEC-IMOVACAO E INDUSTRIA SA//;1528834.08;28/10/2024;4.09478;1528834.08;20644.62;PC1158;6246;501381201;"	";Taxa Variável;4.09478;1.15;EURIBOR3M;3.072;93605;113;EMP
29/10/2024;654367;Empréstimo;Papel Comercial;Prémio;EUR;100000;100000;28/10/2024;27/10/2025;PC0882_0004;ROCIM - AGROINDUSTRIA, LDA 2021 - 4ª Emissão;PTR68DJM0004;1312000;ROCIM AGROINDUSTRIA LDA//;103755.27;29/10/2024;3.714;103755.27;1248.32;PC0882;6594;502074400;"	";Taxa Variável;3.714;1.1;EURIBOR12M;2.614;8009309021;113;EMP
29/10/2024;654397;Empréstimo;Papel Comercial;Prémio;EUR;800000;800000;25/10/2024;29/04/2025;PC0881_0007;IBEROPINAR 2021 - 7ª Emissão;PTI58GJM0004;2310000;IBEROPINAR,SL//;805166.67;29/10/2024;1.25;805166.67;3444.44;PC0881;6594;;"	";Taxa Fixa;1.25;;;;7401680258;113;EMP
30/10/2024;654458;Empréstimo;Papel Comercial;Prémio;EUR;750000;750000;31/10/2024;30/04/2025;PC1164_0001;CLOROSOL - 1ª Emissão;PTCL5AJM0003;1312000;CLOROSOL - COMÉRCIO E INDÚSTRIA DE DETERGENTES, LDA.//;762734.10;30/10/2024;3.377;762734.10;8301.79;PC1164;6246;502759631;"	";Taxa Variável;3.377;0.8;EURIBOR12M;2.577;5100519559;113;EMP
04/11/2024;654644;Empréstimo;Papel Comercial;Prémio;EUR;350000;350000;06/11/2024;05/03/2025;PC0859_0014;GRUPADO RANGEL - 2021 - 14ª Emissão;PTG55PJM0008;1312000;GERASTRO, SGPS, S.A.//;351272.64;04/11/2024;1.1;351272.64;1197.78;PC0859;6210;503115690;"	";Taxa Fixa;1.1;;;;7401107055;113;EMP
05/11/2024;654752;Empréstimo;Papel Comercial;Prémio;EUR;5000000;3750000;07/11/2024;07/05/2025;PC0855_0013;GRUPADO BIAL - 2021 - 13ª Emissão;PTB21GJM0013;1312000;BIAL HOLDING S.A.//;3768854.17;05/11/2024;1;3768854.17;11562.5;PC0855;7102;504660063;"	";Taxa Fixa;1;;;;9002312457;113;EMP
05/11/2024;654753;Empréstimo;Papel Comercial;Prémio;EUR;5000000;1250000;07/11/2024;07/05/2025;PC0855_0014;GRUPADO BIAL - 2021 - 14ª Emissão;PTB061JM0028;1310000;Portela e Companhia, SA//;1256284.72;05/11/2024;1;1256284.72;3854.17;PC0855;7102;500220913;"	";Taxa Fixa;1;;;;4571000052;113;EMP
06/11/2024;654794;Empréstimo;Papel Comercial;Prémio;EUR;4300000;4300000;08/11/2024;12/05/2025;PC0886_0006;ATPS 2021 - 6ª Emissão;PTAT3FJM0007;1310000;ATPS - SOCIEDADE GESTORA DE PARTICIPACOES SOCIAIS, S.A.//;4343089.58;06/11/2024;1.95;4343089.58;25620.83;PC0886;7102;503997714;"	";Taxa Fixa;1.95;;;;7400241532;113;EMP
06/11/2024;654796;Empréstimo;Papel Comercial;Prémio;EUR;200000;50000;08/11/2024;12/05/2025;PC0885_0014;JMR & FILHOS - 2021 - 14ª Emissão;PTJ39AJM0086;1312000;JOAQUIM M. RIBEIRO & FILHOS, LDA//;50411.11;06/11/2024;1.6;50411.11;244.44;PC0885;6246;506052435;"	";Taxa Fixa;1.6;;;;1700090364;113;EMP
06/11/2024;654799;Empréstimo;Papel Comercial;Prémio;EUR;200000;50000;08/11/2024;12/08/2025;PC0885_0015;JMR & FILHOS - 2021 - 15ª Emissão;PTJ39NJM0081;1312000;JOAQUIM M. RIBEIRO & FILHOS, LDA//;50615.56;06/11/2024;1.6;50615.56;244.44;PC0885;6246;506052435;"	";Taxa Fixa;1.6;;;;1700090364;113;EMP
06/11/2024;654822;Empréstimo;Papel Comercial;Desconto;EUR;13500000;6000000;08/11/2024;07/05/2025;PC0064_0055;GRUPADO ENDUTEX - 55ª Emissão;PTE04TJM0040;1310000;ENDUTEX - SGPS, SA.//;6000000.00;06/11/2024;3.566;6000000.00;40874.54;PC0064;6246;500098115;"	31000310004229074";Taxa Variável;3.566;0.65;EURIBOR6M0;2.916;2249;113;EMP
06/11/2024;654843;Empréstimo;Papel Comercial;Prémio;EUR;200000;100000;08/11/2024;07/11/2025;PC0885_0016;JMR & FILHOS - 2021 - 16ª Emissão;PTJ395JM0085;1312000;JOAQUIM M. RIBEIRO & FILHOS, LDA//;101617.78;06/11/2024;1.6;101617.78;488.89;PC0885;6246;506052435;"	";Taxa Fixa;1.6;;;;1700090364;113;EMP
07/11/2024;654873;Empréstimo;Papel Comercial;Prémio;EUR;15000000;5000000;08/11/2024;10/03/2025;PC0871_0007;TEAK CAPITAL,SA - 2021 - 7ª Emissão;PTT63NJM0005;1310000;TEAK CAPITAL, S.A.//;5059368.08;07/11/2024;3.50369;5059368.08;53528.75;PC0871;7102;503872075;"	";Taxa Variável;3.50369;0.5;EURIBOR3M;3.049;7400219649;113;EMP
08/11/2024;654959;Empréstimo;Papel Comercial;Prémio;EUR;5500000;4000000;12/11/2024;12/05/2025;PC0856_0015;GRUPADO VIOLAS - 2021 - 15ª Emissão;PTVS3QJM0010;1312000;VIOLAS, SGPS, SA//;4025138.89;08/11/2024;1.25;4025138.89;14722.22;PC0856;7102;504221388;"	";Taxa Fixa;1.25;;;;7400154445;113;EMP
08/11/2024;654961;Empréstimo;Papel Comercial;Prémio;EUR;5500000;1500000;12/11/2024;12/05/2025;PC0856_0016;GRUPADO VIOLAS - 2021 - 16ª Emissão;PTC05DJM0072;1312000;COTESI - COMP. TEXTEIS SINTETICOS, S.A.//;1509427.08;08/11/2024;1.25;1509427.08;5520.83;PC0856;7102;500079420;"	";Taxa Fixa;1.25;;;;8001469849;113;EMP
12/11/2024;655102;Empréstimo;Papel Comercial;Prémio;EUR;15000000;1000000;14/11/2024;14/05/2025;PC0068_0143;GRUPADO GRAN CRUZ - 143ª Emissão;PTQ09VJM0005;1312000;Quinta do Ventozelo-Sociedade Agricola e Comercial S.A.//;1016350.33;12/11/2024;3.252;1016350.33;9394.67;PC0068;6581;503716138;"	31000310012909074";Taxa Variável;3.252;0.75;EURIBOR1Y0;2.502;44605;113;EMP
12/11/2024;655104;Empréstimo;Papel Comercial;Prémio;EUR;15000000;2000000;14/11/2024;14/05/2025;PC0068_0144;GRUPADO GRAN CRUZ - 144ª Emissão;PTH057JM0005;1312000;HENRIQUES & HENRIQUES - VINHOS SA//;2032700.67;12/11/2024;3.252;2032700.67;18789.33;PC0068;7102;511000634;"	31000310009350074";Taxa Variável;3.252;0.75;EURIBOR1Y0;2.502;8001088726;113;EMP
12/11/2024;655105;Empréstimo;Papel Comercial;Prémio;EUR;15000000;12000000;14/11/2024;14/05/2025;PC0068_0145;GRUPADO GRAN CRUZ - 145ª Emissão;PTG13HJM0066;1312000;GRANVINHOS, LDA.//;12196204.00;12/11/2024;3.252;12196204.00;112736;PC0068;7102;500359423;"	31000310007016074";Taxa Variável;3.252;0.75;EURIBOR1Y0;2.502;784;113;EMP
13/11/2024;655181;Empréstimo;Papel Comercial;Prémio;EUR;75000000;75000000;15/11/2024;15/05/2025;PC0918_0007;SONAE SGPS 2014 II - 7ª Emissão;PTSO8EJM0147;1312000;SONAE SGPS, S.A.//;75429875.00;13/11/2024;1.14;75429875.00;244625;PC0918;9411;500273170;"	";Taxa Fixa;1.14;;;;1124;113;EMP
13/11/2024;655227;Empréstimo;Papel Comercial;Prémio;EUR;75000000;52500000;15/11/2024;15/05/2025;PC0824_0012;SONAE SGPS 2020 - 12ª Emissão;PTSO97JM0146;1312000;SONAE SGPS, S.A.//;53452625.63;13/11/2024;3.609;53452625.63;542101.88;PC0824;9411;500273170;"	";Taxa Variável;3.609;0.83;EURIBOR6M0;2.779;1124;113;EMP
14/11/2024;655330;Empréstimo;Papel Comercial;Prémio;EUR;15000000;10000000;18/11/2024;16/05/2025;PC1166_0001;OGMA 2024 - 1ª Emissão;PTO03SJM0008;1312000;OGMA-INDUSTRIA AERONAUTICA DE PORTUGAL SA//;10224763.84;14/11/2024;4.52039;10224763.84;125566.67;PC1166;7103;500792828;"	";Taxa Variável;4.52039;1.75;EURIBOR3M;3.005;8028198233;113;EMP
20/11/2024;655627;Empréstimo;Papel Comercial;Prémio;EUR;600000;600000;22/11/2024;23/05/2025;PC0987_0003;GRUPADO DIVERSTOCK 2023 - 3ª Emissão;PTDV1CJM0002;1310000;DIVERSTOCK INVESTMENTS S.A.//;611117.17;20/11/2024;3.665;611117.17;5864;PC0987;6581;507987292;"	";Taxa Variável;3.665;1.2;EURIBOR1Y0;2.465;7401981709;113;EMP
20/11/2024;655631;Empréstimo;Papel Comercial;Prémio;EUR;750000;750000;20/11/2024;20/05/2025;PC0922_0006;GRUPADO TARHOL 2022 - 6ª Emissão;PTTH1PJM0002;1312000;TARHOL, SA//;758484.38;20/11/2024;2.25;758484.38;4593.75;PC0922;6581;514825979;"	";Taxa Fixa;2.25;;;;7401859475;113;EMP
20/11/2024;655661;Empréstimo;Papel Comercial;Prémio;EUR;2000000;2000000;20/11/2024;17/11/2025;PC1170_0001;A PADARIA PORTUGUESA 2024 - 1ª Emissão;PTPA5AJM0008;1312000;A PADARIA PORTUGUESA CQ - ACTIVIDADES HOTELEIRAS LDA//;2063993.56;20/11/2024;3.182;2063993.56;17324.22;PC1170;6704;509323065;"	";Taxa Variável;3.182;0.75;EURIBOR12M;2.432;7400738945;113;EMP
21/11/2024;655716;Empréstimo;Papel Comercial;Prémio;EUR;1400000;1400000;25/11/2024;23/05/2025;PC0921_0017;GRUPADO CORK SUPPLY 2022 - 17ª Emissão;PTC555JM0045;1312000;CORK SUPPLY PORTUGAL, SA//;1423898.19;21/11/2024;3.4331;1423898.19;12416.38;PC0921;6226;503383058;"	";Taxa Variável;3.4331;0.65;EURIBOR3M0;3.005;8030996066;113;EMP
25/11/2024;655852;Empréstimo;Papel Comercial;Prémio;EUR;750000;100000;27/11/2024;26/03/2025;PC1128_0005;TRANSGRANITOS 2024 - 5ª Emissão;PTT1GEJM0003;1312000;TRANSGRANITOS-MARMORES E GRANITOS ALTO TAMEGA,LDA//;100980.43;25/11/2024;2.966;100980.43;749.74;PC1128;6228;502214244;"	";Taxa Variável;2.966;0.55;EURIBOR1Y0;2.416;8025832051;113;EMP
25/11/2024;655853;Empréstimo;Papel Comercial;Desconto;EUR;10000000;3000000;27/11/2024;27/02/2025;PC0635_0221;BAPOP072 - Grupado Ascendum - 221ª Emissão;PTC48JJM0091;1312000;CENTROCAR-CENTRO EQUIPAMENTOS MECANICOS,SA//;3000000.00;25/11/2024;3.735;3000000.00;308.3;PC0635;7102;500061270;"	31000310016637074";Taxa Variável;3.735;0.75;EURIBOR3M0;2.985;8031173290;113;EMP
26/11/2024;655938;Empréstimo;Papel Comercial;Prémio;CHF;2100000;214500.21;27/11/2024;27/05/2025;PC0924_0011;LAMEIRINHO 2022 - 11ª Emissão;PTLA1UJM0056;1312000;LAMEIRINHO - IND.TEXTIL, SA//;201774.71;26/11/2024;1.7649;201774.71;892.26;PC0924;6246;500151539;"	";Taxa Variável;1.7649;0.6;IRCHSARON6M;1.1649;8002285436;113;EMP
26/11/2024;655939;Empréstimo;Papel Comercial;Prémio;JPY;2100000;185597.62;25/11/2024;27/05/2025;PC0924_0012;LAMEIRINHO 2022 - 12ª Emissão;PTLA1XJM0053;1312000;LAMEIRINHO - IND.TEXTIL, SA//;30153596.48;26/11/2024;1.00719;30153596.48;78058;PC0924;6246;500151539;"	";Taxa Variável;1.00719;0.6;IRJPYTOFR6M;0.40719;8002285436;113;EMP
26/11/2024;655968;Empréstimo;Papel Comercial;Prémio;EUR;950000;950000;27/11/2024;27/02/2025;PC1137_0002;GISLOTICA 2024 - 2ª Emissão;PTG62BJM0005;1312000;GISLOTICA PROJECTO E FABRICO DE SISTEMAS MECANICOS LDA//;958293.29;26/11/2024;3.416;958293.29;8203.14;PC1137;6210;505100851;"	";Taxa Variável;3.416;1;EURIBOR12M;2.416;7400038665;113;EMP
27/11/2024;656047;Empréstimo;Papel Comercial;Prémio;EUR;20000000;20000000;28/11/2024;26/02/2025;PC1100_0003;GRUPADO SUGAL 2023 - 3ª Emissão;PTSV4CJM0007;1312000;SUGAL B.V.//;20194650.00;27/11/2024;3.893;20194650.00;194650;PC1100;6239;;"	";Taxa Variável;3.893;1.5;EURIBOR12M;2.393;7401463975;113;EMP
27/11/2024;656070;Empréstimo;Papel Comercial;Prémio;EUR;4700000;4700000;29/11/2024;28/02/2025;PC1140_0002;PREH 2024 - 2ª Emissão;PTP1RBJM0001;1312000;PREH PORTUGAL//;4742615.55;27/11/2024;3.587;4742615.55;41678.95;PC1140;7102;500093822;"	";Taxa Variável;3.587;0.675;EURIBOR3M0;2.912;11134;113;EMP
27/11/2024;656072;Empréstimo;Papel Comercial;Prémio;EUR;3750000;500000;28/11/2024;26/05/2025;PC1092_0002;METALOVIANA – METALURGICA DE VIANA, S - 2ª Emissão;PTM3VRJM0002;1312000;METALOVIANA – Metalurgica de Viana, SA//;507565.24;27/11/2024;3.043;507565.24;3803.75;PC1092;6707;501349197;"	";Taxa Variável;3.043;0.65;EURIBOR12M;2.393;1700192879;113;EMP
27/11/2024;656073;Empréstimo;Papel Comercial;Prémio;EUR;11500000;6000000;29/11/2024;27/02/2025;PC1036_0017;GRUPADO SALVADOR CAETANO 2023 - 17ª Emissão;PTC68ZJM0088;1312000;Caetano Automotive Portugal//;6054961.50;27/11/2024;3.6641;6054961.50;54350.82;PC1036;7102;500003165;"	";Taxa Variável;3.6641;0.75;EURIBOR1M0;2.977;9000631658;113;EMP
27/11/2024;656074;Empréstimo;Papel Comercial;Prémio;EUR;1250000;1250000;29/11/2024;28/02/2025;PC0953_0009;TMG INDUSTRIA AUTOMOVEL 2022 - 9ª Emissão;PTT43MJM0027;1312000;TMG - TECIDOS PLASTIFICADOS E OUTROS REVESTIMENTOS PARA AINDUSTRIA AU//;1263659.48;27/11/2024;4.323;1263659.48;13359.27;PC0953;6246;503902128;"	";Taxa Variável;4.323;1.875;EURIBOR1Y0;2.448;5100624988;113;EMP
27/11/2024;656112;Empréstimo;Papel Comercial;Prémio;EUR;5000000;5000000;29/11/2024;29/04/2025;PC1172_0001;BRASMAR 2024 - 1ª Emissão;PTB031JM0025;1312000;BRASMAR - COMERCIO DE PRODUTOS ALIMENTARES, S.A.//;5071179.72;27/11/2024;3.394;5071179.72;41953.61;PC1172;7102;503066397;"	";Taxa Variável;3.394;0.7;EURIBOR6M;2.694;2100935090;113;EMP
27/11/2024;656127;Empréstimo;Papel Comercial;Prémio;EUR;1000000;1000000;28/11/2024;27/02/2025;PC1174_0001;BI-SILQUE 2024 - 1ª Emissão;PTB15XJM0036;1312000;BI-SILQUE - PRODUTOS DE COMUNICACAO VISUAL, S.A.//;1011496.33;27/11/2024;4.548;1011496.33;11370;PC1174;6245;500924902;"	";Taxa Variável;4.548;1.65;EURIBOR3M;2.898;51491;113;EMP
27/11/2024;656131;Empréstimo;Papel Comercial;Prémio;EUR;750000;750000;28/11/2024;27/05/2025;PC1024_0005;AUTOZITÂNIA - ACESSORIOS e SOBRESSALE - 5ª Emissão;PTA38RJM0053;1312000;AUTOZITANIA-ACESSORIOS SOBRESSALENTES SA//;763098.75;27/11/2024;3.493;763098.75;6549.38;PC1024;6593;501760555;"	";Taxa Variável;3.493;1.1;EURIBOR12M;2.393;8029710626;113;EMP
28/11/2024;656164;Empréstimo;Papel Comercial;Prémio;EUR;1050000;1000000;02/12/2024;30/05/2025;PC1023_0003;COBEL 2023 - 3ª Emissão;PTCO4CJM0006;1310000;COBEL - CONSTRUCOES ELECTRO-MECANICAS DA BEIRA S.A.//;1016547.56;28/11/2024;3.328;1016547.56;7950.22;PC1023;8071;500332657;"	";Taxa Variável;3.328;0.62;EURIBOR6M0;2.708;8001112388;113;EMP
28/11/2024;656176;Empréstimo;Papel Comercial;Prémio;EUR;1500000;1500000;28/11/2024;26/02/2025;PC1176_0001;ASPOCK 2024 - 1ª Emissão;PTA1KZJM0002;1312000;ASPOCK PORTUGAL, S.A.//;1511411.25;28/11/2024;3.043;1511411.25;11411.25;PC1176;6226;500643024;"	";Taxa Variável;3.043;0.65;EURIBOR12M;2.393;5100477402;113;EMP
28/11/2024;656197;Empréstimo;Papel Comercial;Prémio;EUR;750000;750000;29/11/2024;26/05/2025;PC1175_0001;CMM 2024 - 1ª Emissão;PTCM3AJM0003;1312000;CMM - CENTRO MEDICO DA MURTOSA - MEDICINA FISICA E DE REABILITACAO LDA//;764996.50;28/11/2024;4.044;764996.50;7498.25;PC1175;6245;507631870;"	";Taxa Variável;4.044;1.35;EURIBOR6M;2.694;7401034820;113;EMP
29/11/2024;656275;Empréstimo;Papel Comercial;Prémio;EUR;150000;150000;03/12/2024;03/03/2025;PC0805_0020;MOTRINDE - 2020 - 20ª Emissão;PTM1DVJM0018;1312000;MOTRINDE-MONTAGENS TECNICAS E REPARACOES INDUSTRIAIS S.A.//;150318.75;29/11/2024;0.85;150318.75;301.04;PC0805;6245;503357162;"	";Taxa Fixa;0.85;;;;8039091145;113;EMP
29/11/2024;656276;Empréstimo;Papel Comercial;Prémio;EUR;2100000;2100000;02/12/2024;28/02/2025;PC1101_0007;GRUPADO VALSABOR - 2024 - 7ª Emissão;PTE555JM0009;1312000;EUROESTE - S.A.//;2118033.40;29/11/2024;3.513;2118033.40;17623.55;PC1101;6239;501798722;"	";Taxa Variável;3.513;1.05;EURIBOR12M;2.463;8038828791;113;EMP
02/12/2024;656330;Empréstimo;Papel Comercial;Prémio;EUR;850000;850000;04/12/2024;04/03/2025;PC1073_0004;CASA DA MALHA - C5M, LDA - 2024 - 4ª Emissão;PTCM2DJM0001;1312000;CASA DA MALHA - C5M, LDA//;856653.38;02/12/2024;3.131;856653.38;6209.82;PC1073;6707;514084278;"	";Taxa Variável;3.131;0.7;EURIBOR1Y0;2.431;7401468159;113;EMP
02/12/2024;656332;Empréstimo;Papel Comercial;Prémio;EUR;700000;700000;29/11/2024;29/05/2025;PC1099_0002;MCGA PORTUGAL UNIPESSOAL, LDA - 2024 - 2ª Emissão;PTMC4BJM0001;1312000;MCGA PORTUGAL UNIPESSOAL, LDA//;711695.11;02/12/2024;3.323;711695.11;5750.64;PC1099;6226;501061096;"	";Taxa Variável;3.323;0.875;EURIBOR12M;2.448;2100611263;113;EMP
02/12/2024;656342;Empréstimo;Papel Comercial;Prémio;EUR;850000;850000;02/12/2024;03/03/2025;PC1005_0007;PORCELANAS COSTA VERDE S.A. 2023 - 7ª Emissão;PTP36HJM0001;1312000;PORCELANAS DA COSTA VERDE, SA//;857872.51;02/12/2024;3.664;857872.51;7439.96;PC1005;6245;502606576;"	";Taxa Variável;3.664;0.725;EURIBOR3M;2.939;8021383845;113;EMP
03/12/2024;656401;Empréstimo;Papel Comercial;Prémio;EUR;37500000;37500000;05/12/2024;05/06/2025;PC0518_0030;NOS SGPS I - 2017 - 30ª Emissão;PTZM81JM0188;1310000;NOS-SGPS SA//;38132070.83;03/12/2024;3.334;38132070.83;288252.08;PC0518;9411;504453513;"	31000310015845074";Taxa Variável;3.334;0.7;EURIBOR6M0;2.634;8046287003;113;EMP
03/12/2024;656403;Empréstimo;Papel Comercial;Prémio;EUR;800000;800000;05/12/2024;05/03/2025;PC0957_0009;GRUPADO SICOR 2022 - 9ª Emissão;PTS819JM0050;1312000;Sicor-Sociedade Industrial Cordoaria S.A.//;807758.00;03/12/2024;3.879;807758.00;7154.6;PC0957;6245;500247323;"	";Taxa Variável;3.879;1;EURIBOR3M0;2.879;2576;113;EMP
04/12/2024;656492;Empréstimo;Papel Comercial;Prémio;EUR;400000;400000;06/12/2024;06/03/2025;PC0889_0011;CUDELL - DEZEMBRO 2021 - 11ª Emissão;PTCU2KJM0005;1312000;CUDELL - OUTDOOR SOLUTIONS, S.A.//;401100.00;04/12/2024;1.1;401100.00;1002.22;PC0889;6581;500132453;"	";Taxa Fixa;1.1;;;;8002781944;113;EMP
05/12/2024;656531;Empréstimo;Papel Comercial;Prémio;EUR;17000000;5000000;06/12/2024;24/04/2025;PC0842_0022;GRUPADO MARTINIQUAISE - 2020 - 22ª Emissão;PTG13LJM0060;1312000;GRANVINHOS, LDA.//;5064635.00;05/12/2024;3.348;5064635.00;38130;PC0842;7102;500359423;"	";Taxa Variável;3.348;1;EURIBOR12M;2.348;784;113;EMP
05/12/2024;656577;Empréstimo;Papel Comercial;Prémio;EUR;850000;850000;06/12/2024;07/03/2025;PC1066_0004;JOÃO PIRES INTERNACIONAL TRANSPORTES  - 4ª Emissão;PTJ425JM0006;1312000;JOAO PIRES-INTERN TRANSPORTES,LDA//;856495.25;05/12/2024;3.023;856495.25;5852.86;PC1066;6707;501923225;"	";Taxa Variável;3.023;0.675;EURIBOR12M;2.348;8010751805;113;EMP
05/12/2024;656611;Empréstimo;Papel Comercial;Prémio;EUR;3000000;3000000;09/12/2024;10/03/2025;PC0163_0057;CAETANO BAVIERA - 57ª Emissão;PTC687JM0087;1312000;CAETANO AUTOMATIVE PORTUGAL, S.A.//;3024175.67;05/12/2024;3.188;3024175.67;20987.67;PC0163;7102;500003165;"	31000310009558074";Taxa Variável;3.188;0.8;EURIBOR12M;2.388;9000631658;113;EMP
09/12/2024;656724;Empréstimo;Papel Comercial;Prémio;EUR;20000000;20000000;11/12/2024;09/06/2025;PC0865_0008;GREENVOLT - ENERGIAS RENOVÁVEIS, S.A - 8ª Emissão;PTG592JM0017;1312000;GREENVOLT - ENERGIAS RENOVAVEIS, S.A.//;20125000.00;09/12/2024;1.25;20125000.00;53472.22;PC0865;7102;506042715;"	";Taxa Fixa;1.25;;;;7400427931;113;EMP
09/12/2024;656728;Empréstimo;Papel Comercial;Prémio;EUR;5000000;5000000;11/12/2024;27/06/2025;PC0933_0008;TRACK PROFIT ENERGY - 2022 - 8ª Emissão;PTT66KJM0013;1312000;GREENVOLT NEXT PORTUGAL, LDA.//;5104295.13;09/12/2024;3.79255;5104295.13;40559.75;PC0933;7102;514108649;"	";Taxa Variável;3.79255;1.15;EURIBOR6M0;2.661;7402194615;113;EMP
09/12/2024;656764;Empréstimo;Papel Comercial;Prémio;EUR;30000000;30000000;11/12/2024;09/06/2025;PC0919_0004;GREENVOLT - ENERGIAS RENOVÁVEIS, S.A. - 4ª Emissão;PTG59QJM0011;1312000;GREENVOLT - ENERGIAS RENOVAVEIS, S.A.//;30549805.50;09/12/2024;3.66537;30549805.50;235196.5;PC0919;7102;506042715;"	";Taxa Variável;3.66537;1;EURIBOR3M0;2.862;7400427931;113;EMP
10/12/2024;656774;Empréstimo;Papel Comercial;Prémio;EUR;750000;750000;11/12/2024;11/06/2025;PC1026_0003;GRUPADO INCENTEA SA - 2023 - 3ª Emissão;PTI51OJM0001;1310000;INCENTEA CAPITAL S.A.//;763881.29;10/12/2024;3.661;763881.29;5872.85;PC1026;6586;509409407;"	";Taxa Variável;3.661;1;EURIBOR6M0;2.661;7400766619;113;EMP
10/12/2024;656828;Empréstimo;Papel Comercial;Prémio;EUR;550000;550000;12/12/2024;12/06/2025;PC1027_0003;O1K1 AL - VITA, SA - 2023 - 3ª Emissão;PTO1KCJM0000;1310000;O1K1 AL-VITA, S A//;563916.68;10/12/2024;5.005;563916.68;5811.36;PC1027;6581;517553449;"	";Taxa Variável;5.005;2.35;EURIBOR6M;2.655;7402656714;113;EMP
10/12/2024;656829;Empréstimo;Papel Comercial;Prémio;EUR;15000000;3500000;09/12/2024;06/03/2025;PC1182_0001;MEIGAL 2024 - 1ª Emissão;PTME6AJM0006;1312000;MEIGAL CONSTRUCAO E ADMINISTRACAO DE PROPRIEDADES//;3521890.17;10/12/2024;2.588;3521890.17;19877.28;PC1182;6594;501468447;"	";Taxa Variável;2.588;0.2;EURIBOR12M;2.388;4707;113;EMP
11/12/2024;656838;Empréstimo;Papel Comercial;Prémio;EUR;2000000;2000000;11/12/2024;12/05/2025;PC0872_0017;GRUPADO JOAQUIM CHAVES - 2021 - 17ª Emissão;PTQ00UJM0062;1312000;JOAQUIM CHAVES ONCOLOGIA SA//;2031244.44;11/12/2024;3.7;2031244.44;15827.78;PC0872;6208;504148850;"	";Taxa Variável;3.7;1.25;EURIBOR12M;2.45;8046349580;113;EMP
11/12/2024;656859;Empréstimo;Papel Comercial;Prémio;EUR;350000;350000;13/12/2024;13/03/2025;PC0122_0154;MANOEL POÇAS JR - 154ª Emissão;PTMP1GJM0092;1312000;MANOEL D. POCAS JUNIOR-VINHOS, S.A//;353437.88;11/12/2024;3.929;353437.88;2864.9;PC0122;6581;500378207;"	31000310004856074";Taxa Variável;3.929;1.5;EURIBOR1Y0;2.429;55185;113;EMP
12/12/2024;656975;Empréstimo;Papel Comercial;Prémio;EUR;950000;950000;13/12/2024;13/03/2025;PC1149_0002;GRUPEIXE - 2ª Emissão;PTG16CJM0001;1312000;GRUPEIXE - PRODUTOS ALIMENTARES, S.A.//;958500.13;12/12/2024;3.579;958500.13;7083.44;PC1149;6245;503087580;"	";Taxa Variável;3.579;1.15;EURIBOR12M;2.429;2381003696;113;EMP
12/12/2024;656976;Empréstimo;Papel Comercial;Prémio;EUR;900000;900000;16/12/2024;14/03/2025;PC1103_0003;LAFITTE - 2024 - 3ª Emissão;PTL58NJM0000;1312000;LAFITTE CORK PORTUGAL, LDA.//;907636.20;12/12/2024;3.471;907636.20;6247.8;PC1103;6226;500247110;"	";Taxa Variável;3.471;1.05;EURIBOR12M;2.421;6220004749;113;EMP
12/12/2024;656979;Empréstimo;Papel Comercial;Prémio;EUR;40000000;19000000;16/12/2024;22/05/2025;PC0952_0013;GRUPADO CIMPOR 2022 - 13ª Emissão;PTCP4UJM0001;1312000;Cimpor Portugal Holdings, Sgps, S.A.//;19344370.78;12/12/2024;4.156;19344370.78;157928;PC0952;9405;515156108;"	";Taxa Variável;4.156;1.5;EURIBOR6M;2.656;7402037154;113;EMP
12/12/2024;656983;Empréstimo;Papel Comercial;Prémio;EUR;1200000;1200000;16/12/2024;17/03/2025;PC0916_0012;CASA SANTOS LIMA - MARÇO 2022 - 12ª Emissão;PTCD4NJM0006;1312000;CASA SANTOS LIMA - COMPANHIA DAS VINHAS , SA//;1205278.00;12/12/2024;1.74;1205278.00;4176;PC0916;6239;502523670;"	";Taxa Fixa;1.74;;;;7400983094;113;EMP
12/12/2024;656987;Empréstimo;Papel Comercial;Prémio;EUR;10000000;10000000;16/12/2024;16/06/2025;PC0860_0006;Grupado CIMPOR 2021 - 6ª Emissão;PTCP4VJM0000;1312000;Cimpor Portugal Holdings, Sgps, S.A.//;10076844.44;12/12/2024;1.52;10076844.44;30400;PC0860;9405;515156108;"	";Taxa Fixa;1.52;;;;7402037154;113;EMP
12/12/2024;656988;Empréstimo;Papel Comercial;Prémio;EUR;3000000;3000000;16/12/2024;15/12/2025;PC0893_0005;Suma 2021 - 5ª Emissão;PTS57QJM0019;1312000;SUMA-SERVICOS URBANOS MEIO AMBIENTE,SA//;3118937.00;12/12/2024;3.921;3118937.00;23526;PC0893;9411;503210560;"	";Taxa Variável;3.921;1.5;EURIBOR12M;2.421;8038977437;113;EMP
13/12/2024;657016;Empréstimo;Papel Comercial;Prémio;EUR;100000;100000;17/12/2024;17/03/2025;PC0804_0020;J.O.M. - 2020 - 20ª Emissão;PTJ339JM0019;1312000;JOAQUIM OLIVEIRA MENDES, LDA.//;100187.50;13/12/2024;0.75;100187.50;147.92;PC0804;6246;502119624;"	";Taxa Fixa;0.75;;;;8008816105;113;EMP
13/12/2024;657075;Empréstimo;Papel Comercial;Prémio;EUR;100000;100000;16/12/2024;14/03/2025;PC0563_0032;TÊXTEIS J.F.ALMEIDA, SA - 2018 - 32ª Emissão;PTT07NJM0046;1312000;TEXTEIS J.F.ALMEIDA,SA//;100207.78;13/12/2024;0.85;100207.78;170;PC0563;6584;501564683;"	31000310016553074";Taxa Fixa;0.85;;;;8006434711;113;EMP
16/12/2024;657128;Empréstimo;Papel Comercial;Prémio;EUR;15000000;15000000;18/12/2024;18/03/2025;PC0920_0011;GRUPADO UNICER 2016 II - 11ª Emissão;PTU118JM0112;1312000;Unicer Aguas S.A.//;15075375.00;16/12/2024;2.01;15075375.00;58625;PC0920;7102;500095744;"	";Taxa Fixa;2.01;;;;8005648120;113;EMP
16/12/2024;657148;Empréstimo;Papel Comercial;Prémio;EUR;150000;150000;18/12/2024;18/03/2025;PC0861_0015;Grupado MOAGEM CERES GE 1 MM - 15ª Emissão;PTM014JM0015;1320000;MOAGEM CERES-A.FIGUEIREDO & IRMAO//;150356.25;16/12/2024;0.95;150356.25;277.08;PC0861;6581;500194513;"	";Taxa Fixa;0.95;;;;8002310212;113;EMP
16/12/2024;657149;Empréstimo;Papel Comercial;Prémio;EUR;15000000;2500000;17/12/2024;10/03/2025;PC0871_0008;TEAK CAPITAL,SA - 2021 - 8ª Emissão;PTT63OJM0004;1310000;TEAK CAPITAL, S.A.//;2519287.82;16/12/2024;3.34632;2519287.82;16499.12;PC0871;7102;503872075;"	";Taxa Variável;3.34632;0.5;EURIBOR1M;2.871;7400219649;113;EMP
17/12/2024;657191;Empréstimo;Papel Comercial;Prémio;EUR;650000;650000;19/12/2024;19/03/2025;PC1070_0004;BUTTERFLY SECRET, LDA - 2024 - 4ª Emissão;PTB60YJM0005;1312000;BUTTERFLY SECRET LDA//;655239.00;17/12/2024;3.224;655239.00;4016.57;PC1070;6586;508977819;"	";Taxa Variável;3.224;0.75;EURIBOR1Y0;2.474;7401281549;113;EMP
18/12/2024;657246;Empréstimo;Papel Comercial;Prémio;EUR;1000000;300000;17/12/2024;16/12/2025;PC1160_0002;EPORIFRUTAS,SA - 2024 - 2ª Emissão;PTEB2BJM0002;1312000;EPORIFRUTAS S.A.//;311086.83;18/12/2024;3.655;311086.83;2162.54;PC1160;6593;509808727;"	";Taxa Variável;3.655;1.25;EURIBOR12M;2.405;7401088214;113;EMP
18/12/2024;657248;Empréstimo;Papel Comercial;Prémio;EUR;6000000;1000000;17/12/2024;27/10/2025;PC1138_0002;GRUPADO FERPINTA TURISMO 2024 - 2ª Emissão;PTS71CJM0009;1312000;VILA BALEIRA PORTO SANTO SA//;1025338.06;18/12/2024;2.905;1025338.06;5729.31;PC1138;6226;511085133;"	";Taxa Variável;2.905;0.5;EURIBOR12M;2.405;2101706900;113;EMP
18/12/2024;657250;Empréstimo;Papel Comercial;Prémio;EUR;6000000;2750000;19/12/2024;19/03/2025;PC1054_0005;AVELEDA, SA - 5ª Emissão;PTQ1V8JM0048;1312000;AVELEDA, S.A.//;2771305.63;18/12/2024;3.099;2771305.63;16334.31;PC1054;6228;500263884;"	";Taxa Variável;3.099;0.625;EURIBOR12M;2.474;2457;113;EMP
18/12/2024;657251;Empréstimo;Papel Comercial;Prémio;EUR;1200000;1200000;18/12/2024;18/06/2025;PC1038_0005;SEVEME 2023 - 5ª Emissão;PTS19QJM0008;1312000;SEVEME-INDÚSTRIAS METALÚRGICAS, LDA//;1222477.00;18/12/2024;3.705;1222477.00;8645;PC1038;6245;503389609;"	";Taxa Variável;3.705;1.05;EURIBOR6M;2.655;9002329508;113;EMP
18/12/2024;657254;Empréstimo;Papel Comercial;Prémio;EUR;1200000;1200000;20/12/2024;20/03/2025;PC0926_0008;CARTONAGEM TRINDADE - JUNHO 2022 - 8ª Emissão;PTC98WJM0028;1312000;CARTONAGEM TRINDADE - INDUSTRIA S.A.//;1210722.00;18/12/2024;3.574;1210722.00;8101.07;PC0926;6226;509617964;"	";Taxa Variável;3.574;1.1;EURIBOR1Y0;2.474;7401009221;113;EMP
18/12/2024;657257;Empréstimo;Papel Comercial;Prémio;EUR;1500000;1500000;20/12/2024;20/03/2025;PC1010_0006;MOTRINDE - 2023 - 6ª Emissão;PTM1DZJM0014;1312000;MOTRINDE-MONTAGENS TECNICAS E REPARACOES INDUSTRIAIS S.A.//;1513882.50;18/12/2024;3.702;1513882.50;10489;PC1010;6245;503357162;"	";Taxa Variável;3.702;0.85;EURIBOR3M0;2.852;8039091145;113;EMP
18/12/2024;657297;Empréstimo;Papel Comercial;Prémio;EUR;20000000;7000000;20/12/2024;20/06/2025;PC1173_0001;SODÉCIA BULLET 2024 - 1ª Emissão;PTS74BJM0072;1312000;SODECIA, SGPS S.A.//;7115084.67;18/12/2024;3.252;7115084.67;42998.67;PC1173;6210;503437786;"	";Taxa Variável;3.252;0.6;EURIBOR6M0;2.652;6221073725;113;EMP
18/12/2024;657299;Empréstimo;Papel Comercial;Prémio;EUR;200000;200000;20/12/2024;20/03/2025;PC0874_0014;PETROTEC - 2021 - 14ª Emissão;PTP34RJM0027;1312000;PETROTEC-IMOVACAO E INDUSTRIA SA//;200650.00;18/12/2024;1.3;200650.00;491.11;PC0874;6246;501381201;"	";Taxa Fixa;1.3;;;;93605;113;EMP
18/12/2024;657301;Empréstimo;Papel Comercial;Prémio;EUR;14000000;3000000;20/12/2024;20/06/2025;PC1125_0001;GRUPADO MARTINIQUAISE - 2024 - 1ª Emissão;PTV12OJM0002;1312000;VALE DE S. MARTINHO - SOCIEDADE AGRICOLA SA//;3051597.00;18/12/2024;3.402;3051597.00;19278;PC1125;7102;503998532;"	";Taxa Variável;3.402;0.75;EURIBOR6M0;2.652;7400380745;113;EMP
18/12/2024;657302;Empréstimo;Papel Comercial;Prémio;EUR;950000;950000;20/12/2024;20/03/2025;PC1145_0002;CM TIR 2024 - 2ª Emissão;PTC5TFJM0009;1312000;C.M.TIR TRANSPORTES NACINAIS E INTERNACIONAIS SA//;957657.00;18/12/2024;3.224;957657.00;5785.29;PC1145;6707;501592369;"	";Taxa Variável;3.224;0.75;EURIBOR1Y0;2.474;9001482148;113;EMP
18/12/2024;657303;Empréstimo;Papel Comercial;Prémio;EUR;15000000;4800000;20/12/2024;26/09/2025;PC1171_0002;SODÉCIA AMORTIZING 2024 - 2ª Emissão;PTS74DJM0070;1312000;SODECIA, SGPS S.A.//;4921582.72;18/12/2024;3.25668;4921582.72;29527.41;PC1171;6210;503437786;"	";Taxa Variável;3.25668;0.7;EURIBOR6M0;2.652;6221073725;113;EMP
19/12/2024;657385;Empréstimo;Papel Comercial;Prémio;EUR;6000000;2200000;23/12/2024;31/03/2025;PC1096_0003;DRIVE ON HOLIDAYS - 2024 - 3ª Emissão;PTD35MJM0009;1312000;DRIVE ON HOLIDAYS - COMERCIO E ALUGUER DE VEICULOS//;2225866.01;19/12/2024;4.319;2225866.01;17156.03;PC1096;6704;509776809;"	";Taxa Variável;4.319;1.85;EURIBOR1Y0;2.469;7400946974;113;EMP
19/12/2024;657386;Empréstimo;Papel Comercial;Prémio;EUR;2050000;2050000;20/12/2024;21/03/2025;PC1071_0004;SILVEX - 2024 - 4ª Emissão;PTS97CJM0033;1312000;SILVEX- INDUSTRIA DE PLASTICOS E PAPEIS, S.A.//;2066447.49;19/12/2024;3.174;2066447.49;12290.43;PC1071;6239;500249725;"	";Taxa Variável;3.174;0.7;EURIBOR12M;2.474;8020841256;113;EMP
19/12/2024;657388;Empréstimo;Papel Comercial;Prémio;EUR;200000000;200000000;23/12/2024;19/03/2025;PC1029_0003;GRUPADO GALP 2023 - 3ª Emissão;PTGA2MJM0030;1312000;GALP ENERGIA SGPS, LISBOA//;200716666.67;19/12/2024;1.5;200716666.67;541666.67;PC1029;9411;504499777;"	";Taxa Fixa;1.5;;;;8046324613;113;EMP
19/12/2024;657390;Empréstimo;Papel Comercial;Prémio;EUR;1750000;1750000;23/12/2024;23/06/2025;PC0990_0004;NOVARROZ-2.5M 2023 - 4ª Emissão;PTN165JM0002;1312000;NOVARROZ - PRODUTOS ALIMENTARES SA//;1780629.08;19/12/2024;3.462;1780629.08;10938.96;PC0990;6226;503249734;"	";Taxa Variável;3.462;0.825;EURIBOR6M0;2.637;1700201103;113;EMP
19/12/2024;657391;Empréstimo;Papel Comercial;Prémio;EUR;1400000;1400000;23/12/2024;23/06/2025;PC0959_0005;MULTIMOTO 2022 - 5ª Emissão;PTMU2SJM0006;1312000;MULTIMOTO-VEICULOS E ACESSORIOS,LDA//;1425741.88;19/12/2024;3.637;1425741.88;9193.53;PC0959;6226;502425717;"	";Taxa Variável;3.637;1;EURIBOR6M0;2.637;7400038920;113;EMP
19/12/2024;657394;Empréstimo;Papel Comercial;Prémio;EUR;2600000;1950000;23/12/2024;24/03/2025;PC0977_0015;GRUPADO PROZIS 2023 - 15ª Emissão;PTO257JM0066;1312000;PROZIS COM S.A. ZONA FRANCA DA MADEIRA,S.A.//;1968430.15;19/12/2024;3.739;1968430.15;13164.4;PC0977;6707;506806693;"	";Taxa Variável;3.739;0.9;EURIBOR3M0;2.839;7400131304;113;EMP
19/12/2024;657396;Empréstimo;Papel Comercial;Prémio;EUR;2600000;650000;23/12/2024;24/03/2025;PC0977_0016;GRUPADO PROZIS 2023 - 16ª Emissão;PTPZ2HJM0001;1310000;PROZIS.SEAMLESS, S.A.//;656143.38;19/12/2024;3.739;656143.38;4388.13;PC0977;;515563129;"	";Taxa Variável;3.739;0.9;EURIBOR3M0;2.839;7401871406;113;EMP
19/12/2024;657397;Empréstimo;Papel Comercial;Prémio;EUR;450000;450000;23/12/2024;24/03/2025;PC0862_0015;QUINTA DA LIXA SOC AGRÍCOLA 1,5 M 20 - 15ª Emissão;PTQ08CJM0041;1312000;QUINTA DA LIXA-SOCIEDADE AGRICOLA LDA//;450853.13;19/12/2024;0.75;450853.13;609.38;PC0862;6228;501780653;"	";Taxa Fixa;0.75;;;;8007189851;113;EMP
19/12/2024;657406;Empréstimo;Papel Comercial;Prémio;EUR;10000000;3000000;19/12/2024;16/05/2025;PC1180_0001;DE PRADO FAMILY 2024 - 1ª Emissão;PTD41AJM0005;1312000;DE PRADO FAMILY LDA//;3036679.33;19/12/2024;2.974;3036679.33;17100.5;PC1180;6380;515752177;"	";Taxa Variável;2.974;0.5;EURIBOR12M;2.474;7401993464;113;EMP
20/12/2024;657462;Empréstimo;Papel Comercial;Prémio;USD;2000000;1443001.44;23/12/2024;20/06/2025;PC1107_0004;LAMEIRINHO 2024 - 4ª Emissão;PTLA14JM0057;1312000;LAMEIRINHO - IND.TEXTIL, SA//;1536417.25;20/12/2024;4.88276;1536417.25;13224.25;PC1107;6246;500151539;"	";Taxa Variável;4.88276;0.6;IRUSDSOFR3M;4.33731;8002285436;113;EMP
20/12/2024;657464;Empréstimo;Papel Comercial;Prémio;EUR;1500000;1500000;23/12/2024;23/06/2025;PC1033_0003;GRUPADO AAC 2023 - 3ª Emissão;PTA1XCJM0004;1312000;A A C TEXTEIS SA//;1528718.08;20/12/2024;3.787;1528718.08;10256.46;PC1033;6246;501837264;"	";Taxa Variável;3.787;1.15;EURIBOR6M;2.637;19341;113;EMP
20/12/2024;657465;Empréstimo;Papel Comercial;Prémio;EUR;70000000;30000000;23/12/2024;24/03/2025;PC0765_0022;GRUPADO ALTRI 2019 - 22ª Emissão;PTP392JM0010;1312000;BIOTEK, S.A.//;30268207.33;20/12/2024;3.5368;30268207.33;191576.67;PC0765;7102;503058203;"	31000310019417074";Taxa Variável;3.5368;0.7;EURIBOR3M;2.839;8028841075;113;EMP
20/12/2024;657472;Empréstimo;Papel Comercial;Prémio;JPY;2000000;459925.19;23/12/2024;20/06/2025;PC1107_0005;LAMEIRINHO 2024 - 5ª Emissão;PTLA1YJM0052;1312000;LAMEIRINHO - IND.TEXTIL, SA//;75375885.08;20/12/2024;1.00796;75375885.08;136500;PC1107;6246;500151539;"	";Taxa Variável;1.00796;0.6;IRJPYTOFR3M;0.3475;8002285436;113;EMP
20/12/2024;657474;Empréstimo;Papel Comercial;Prémio;EUR;70000000;10000000;23/12/2024;24/03/2025;PC0765_0023;GRUPADO ALTRI 2019 - 23ª Emissão;PTA68IJM0016;1312000;ALTRI FLORESTAL S.A.//;10089402.44;20/12/2024;3.5368;10089402.44;63858.89;PC0765;7102;500249741;"	31000310019441074";Taxa Variável;3.5368;0.7;EURIBOR3M;2.839;8002514152;113;EMP
20/12/2024;657475;Empréstimo;Papel Comercial;Prémio;EUR;250000;250000;24/12/2024;24/03/2025;PC0753_0022;JB MAGIC - 2019 - 22ª Emissão;PTJ31BJM0018;1312000;JB MAGIC SGPS SA//;252021.25;20/12/2024;3.234;252021.25;1437.33;PC0753;5236;509392776;"	31000310019235074";Taxa Variável;3.234;0.75;EURIBOR1Y0;2.484;7401018753;113;EMP
23/12/2024;657555;Empréstimo;Papel Comercial;Prémio;EUR;10000000;5000000;20/12/2024;19/12/2025;PC1136_0001;LUSIADAS 2024 - 1ª Emissão;PTL1UAJM0006;1312000;LUSIADAS S.A.//;5185741.11;23/12/2024;3.674;5185741.11;34698.89;PC1136;7103;505962403;"	";Taxa Variável;3.674;1.2;EURIBOR12M;2.474;7400320082;113;EMP
23/12/2024;657583;Empréstimo;Papel Comercial;Prémio;EUR;200000;200000;27/12/2024;27/03/2025;PC0931_0009;SEDACOR 800M 2022 - 9ª Emissão;PTS35VJM0035;1312000;SEDACOR SA//;202290.50;23/12/2024;4.581;202290.50;1552.45;PC0931;6226;500581525;"	";Taxa Variável;4.581;1.85;EURIBOR3M;2.731;2661001994;113;EMP
23/12/2024;657584;Empréstimo;Papel Comercial;Prémio;EUR;8350000;8350000;27/12/2024;27/03/2025;PC1012_0015;GRUPADO ETE - 2023 - 15ª Emissão;PTE319JM0121;1312000;ETE-SOCIEDADE GESTORA DE PARTICIPACOES SOCIAIS, SA//;8433103.38;23/12/2024;3.981;8433103.38;56325.62;PC1012;7103;501718656;"	";Taxa Variável;3.981;1.25;EURIBOR3M;2.731;9000755211;113;EMP
23/12/2024;657585;Empréstimo;Papel Comercial;Prémio;EUR;23700000;4500000;27/12/2024;27/06/2025;PC1037_0007;GRUPADO RESPOL 2023 - 7ª Emissão;PTR67IJM0000;1312000;RESIGON-COMPANHIA AGRICOLA GESTAO,SA//;4595823.00;23/12/2024;4.212;4595823.00;32116.5;PC1037;6594;503066052;"	";Taxa Variável;4.212;1.6;EURIBOR6M;2.612;3071009148;113;EMP
23/12/2024;657586;Empréstimo;Papel Comercial;Prémio;EUR;23700000;14700000;27/12/2024;27/06/2025;PC1037_0008;GRUPADO RESPOL 2023 - 8ª Emissão;PTR41MJM0013;1312000;RESPOL RESINAS, SA//;15013021.80;23/12/2024;4.212;15013021.80;104913.9;PC1037;6594;502970081;"	";Taxa Variável;4.212;1.6;EURIBOR6M;2.612;8039320134;113;EMP
23/12/2024;657587;Empréstimo;Papel Comercial;Prémio;EUR;23700000;4500000;27/12/2024;27/06/2025;PC1037_0009;GRUPADO RESPOL 2023 - 9ª Emissão;PTR1PCJM0008;1312000;GRUPO RESPOL- SGPS S.A.//;4595823.00;23/12/2024;4.212;4595823.00;32116.5;PC1037;6594;510484042;"	";Taxa Variável;4.212;1.6;EURIBOR6M;2.612;7401432075;113;EMP
23/12/2024;657590;Empréstimo;Papel Comercial;Prémio;EUR;2000000;2000000;27/12/2024;26/06/2025;PC1110_0002;NOVARROZ 2024 - 2ª Emissão;PTN166JM0001;1312000;NOVARROZ - PRODUTOS ALIMENTARES SA//;2033304.00;23/12/2024;3.312;2033304.00;11224;PC1110;6226;503249734;"	";Taxa Variável;3.312;0.7;EURIBOR6M;2.612;1700201103;113;EMP
23/12/2024;657591;Empréstimo;Papel Comercial;Prémio;EUR;1500000;1500000;27/12/2024;27/06/2025;PC1117_0002;MAQFORT 2024 - 2ª Emissão;PTMQ1UJM0035;1312000;Maqfort - Maquinas E Ferramentas Lda//;1523599.33;23/12/2024;3.112;1523599.33;7909.67;PC1117;6581;506071049;"	";Taxa Variável;3.112;0.5;EURIBOR6M;2.612;7400056951;113;EMP
23/12/2024;657595;Empréstimo;Papel Comercial;Prémio;EUR;3150000;3150000;27/12/2024;26/06/2025;PC1108_0002;GRESART - CERAMICA INDUSTRIAL, SA - 2ª Emissão;PTG58FJM0007;1312000;GRESART CERAMICA INDUSTRIAL,SA//;3200870.05;23/12/2024;3.212;3200870.05;17144.05;PC1108;6245;501197630;"	";Taxa Variável;3.212;0.6;EURIBOR6M;2.612;8000916937;113;EMP
23/12/2024;657608;Empréstimo;Papel Comercial;Prémio;EUR;2500000;250000;27/12/2024;23/06/2025;PC0962_0005;GRUPADO CAETANO COATINGS S.A – 2022 - 5ª Emissão;PTC1APJM0002;1312000;CAETANO COATINGS INTERNATIONAL S.L.//;254030.96;23/12/2024;3.261;254030.96;1381.4;PC0962;6208;;"	";Taxa Variável;3.261;0.8;EURIBOR12M;2.461;7401270835;113;EMP
26/12/2024;657683;Empréstimo;Papel Comercial;Prémio;EUR;100000;100000;30/12/2024;31/03/2025;PC0816_0020;HELIROMA - 2020 - 20ª Emissão;PTH379JM0014;1312000;HELIROMA-PLASTICOS, LDA.//;100839.48;26/12/2024;3.321;100839.48;535.05;PC0816;6581;503614220;"	";Taxa Variável;3.321;0.85;EURIBOR12M;2.471;6221036553;113;EMP
26/12/2024;657686;Empréstimo;Papel Comercial;Prémio;EUR;8100000;1100000;30/12/2024;28/03/2025;PC0994_0008;Grupado Logoplaste - 2023 - 8ª Emissão;PTW02EJM0005;1310000;WORLD PET PLASTIC RECYCLING, LDA//;1110139.80;26/12/2024;3.771;1110139.80;6683.05;PC0994;7103;509395805;"	";Taxa Variável;3.771;1.3;EURIBOR12M;2.471;7400826571;113;EMP
26/12/2024;657688;Empréstimo;Papel Comercial;Prémio;EUR;1800000;1000000;30/12/2024;29/12/2025;PC1098_0002;ALBERTO DIAS BARBOSA, LDA - 2024 - 2ª Emissão;PTAB1PJM0005;1312000;ALBERTO DIAS BARBOSA LDA//;1031556.78;26/12/2024;3.121;1031556.78;5028.28;PC1098;6228;502218134;"	";Taxa Variável;3.121;0.65;EURIBOR12M;2.471;196675;113;EMP
26/12/2024;657690;Empréstimo;Papel Comercial;Prémio;EUR;750000;100000;30/12/2024;24/04/2025;PC1128_0006;TRANSGRANITOS 2024 - 6ª Emissão;PTT1GFJM0002;1312000;TRANSGRANITOS-MARMORES E GRANITOS ALTO TAMEGA,LDA//;100965.04;26/12/2024;3.021;100965.04;486.72;PC1128;6228;502214244;"	";Taxa Variável;3.021;0.55;EURIBOR12M;2.471;8025832051;113;EMP
26/12/2024;657694;Empréstimo;Papel Comercial;Prémio;EUR;4000000;2500000;27/12/2024;28/03/2025;PC1159_0003;GRUPADO C SANTOS - 2024 - 3ª Emissão;PTC25BJM0062;1312000;C. SANTOS - VEÍCULOS E PEÇAS, SA.//;2522193.89;26/12/2024;3.512;2522193.89;14877.22;PC1159;6581;500035679;"	";Taxa Variável;3.512;0.9;EURIBOR6M;2.612;8000085948;113;EMP
27/12/2024;657791;Empréstimo;Papel Comercial;Prémio;EUR;65000000;65000000;30/12/2024;14/03/2025;PC0796_0005;BRISA CONCESSÃO III - 5ª Emissão;PTB9SJJM0046;1312000;BRISA CONCESSAO RODOVIARIA SA//;65116108.06;27/12/2024;0.869;65116108.06;91003.61;PC0796;9411;502790024;"	";Taxa Fixa;0.869;;;;8025220010;113;EMP
27/12/2024;657797;Empréstimo;Papel Comercial;Prémio;EUR;50000;50000;31/12/2024;31/03/2025;PC0811_0020;HERBRAND SA - 2020 - 20ª Emissão;PTH361JM0006;1312000;HERBRAND, S.A.//;50100.00;27/12/2024;0.8;50100.00;63.33;PC0811;6246;513265228;"	";Taxa Fixa;0.8;;;;7401259599;113;EMP
27/12/2024;657798;Empréstimo;Papel Comercial;Prémio;EUR;50000;50000;31/12/2024;31/03/2025;PC0812_0020;TEXTEIS CAES DE PEDRA SA - 2020 - 20ª Emissão;PTT468JM0003;1320000;TEXTIL CAES DE PEDRA, SA//;50100.00;27/12/2024;0.8;50100.00;63.33;PC0812;6246;500070474;"	";Taxa Fixa;0.8;;;;6221048548;113;EMP
27/12/2024;657799;Empréstimo;Papel Comercial;Prémio;EUR;4000000;1500000;31/12/2024;28/03/2025;PC1159_0004;GRUPADO C SANTOS - 2024 - 4ª Emissão;PTE56AJM0030;1312000;EUROPECAS, SA//;1512604.13;27/12/2024;3.477;1512604.13;8257.88;PC1159;6581;500102333;"	";Taxa Variável;3.477;0.9;EURIBOR6M;2.577;8046344345;113;EMP
27/12/2024;657803;Empréstimo;Papel Comercial;Prémio;EUR;5000000;1000000;27/12/2024;27/03/2025;PC1189_0001;GRUPADO NUTRINVEST 2024 (2) - 1ª Emissão;PTN252JM0006;1312000;NUTRIFARMS ,SA//;1009327.50;27/12/2024;3.731;1009327.50;6321.97;PC1189;7103;500069280;"	";Taxa Variável;3.731;1;EURIBOR3M;2.731;47852;113;EMP
27/12/2024;657812;Empréstimo;Papel Comercial;Prémio;EUR;5000000;4000000;27/12/2024;27/03/2025;PC1189_0002;GRUPADO NUTRINVEST 2024 (2) - 2ª Emissão;PTN1VQJM0045;1312000;NUTRINVESTE-SOC.GESTORA PART.SOCIAIS,SA//;4037310.00;27/12/2024;3.731;4037310.00;25287.89;PC1189;7103;501894675;"	";Taxa Variável;3.731;1;EURIBOR3M;2.731;8010254524;113;EMP
27/12/2024;657813;Empréstimo;Papel Comercial;Prémio;EUR;5000000;2000000;27/12/2024;27/03/2025;PC1190_0001;GRUPADO NUTRINVEST 2024 2024 (1) - 1ª Emissão;PTN30MJM0002;1312000;NUTRINVESTE II INVESTIMENTO,SA//;2018655.00;27/12/2024;3.731;2018655.00;12643.94;PC1190;;516149610;"	";Taxa Variável;3.731;1;EURIBOR3M;2.731;7402160288;113;EMP
27/12/2024;657814;Empréstimo;Papel Comercial;Prémio;EUR;5000000;3000000;27/12/2024;27/03/2025;PC1190_0002;GRUPADO NUTRINVEST 2024 2024 (1) - 2ª Emissão;PTN1VLJM0040;1312000;NUTRINVESTE-SOC.GESTORA PART.SOCIAIS,SA//;3027982.50;27/12/2024;3.731;3027982.50;18965.92;PC1190;7103;501894675;"	";Taxa Variável;3.731;1;EURIBOR3M;2.731;8010254524;113;EMP
30/12/2024;657869;Empréstimo;Papel Comercial;Prémio;EUR;135000000;135000000;30/12/2024;14/03/2025;PC1168_0001;BRISA CONCESSÃO IV - 1ª Emissão;PTB9SIJM0047;1312000;BRISA CONCESSAO RODOVIARIA SA//;135873292.50;30/12/2024;3.147;135873292.50;684472.5;PC1168;9411;502790024;"	";Taxa Variável;3.147;0.55;EURIBOR6M;2.597;8025220010;113;EMP
30/12/2024;657881;Empréstimo;Papel Comercial;Prémio;EUR;1000000;1000000;02/01/2025;31/12/2025;PC1031_0002;FRIGOSTO 2023 - 2ª Emissão;PTF71BJM0005;1312000;FRIGOSTO INDUSTRIA DE TRANSFORMACAO E PREPARACAO DE PRODUTOS CONGELADO//;1038357.00;30/12/2024;3.804;1038357.00;5811.67;PC1031;6239;501756442;"	";Taxa Variável;3.804;1.35;EURIBOR1Y0;2.454;8025951090;113;EMP
30/12/2024;657882;Empréstimo;Papel Comercial;Prémio;EUR;1500000;300000;31/12/2024;17/03/2025;PC0974_0013;Despomar 2023 - 13ª Emissão;PTD06KJM0063;1312000;DESPOMAR-COMERCIALIZAÇÃO ARTIGOS DESPORTIVOS, LDA//;302289.50;30/12/2024;3.615;302289.50;1717.13;PC0974;6239;501823646;"	";Taxa Variável;3.615;1.15;EURIBOR12M;2.465;8024823522;113;EMP
30/12/2024;657883;Empréstimo;Papel Comercial;Prémio;EUR;2500000;150000;27/12/2024;23/06/2025;PC0962_0006;GRUPADO CAETANO COATINGS S.A – 2022 - 6ª Emissão;PTC1AQJM0001;1312000;CAETANO COATINGS INTERNATIONAL S.L.//;152418.58;30/12/2024;3.261;152418.58;828.84;PC0962;6208;;"	";Taxa Variável;3.261;0.8;EURIBOR12M;2.461;7401270835;113;EMP
30/12/2024;657897;Empréstimo;Papel Comercial;Prémio;USD;112500000;107717349.67;02/01/2025;02/07/2025;PC1120_0002;GRUPADO EDP 2020 II - 2ª Emissão;PTED2RJM0000;2310000;EDP FINANCE BV//;115251200.00;30/12/2024;4.864;115251200.00;836000;PC1120;9411;;"	";Taxa Fixa;4.864;;;;7400199147;113;EMP
30/12/2024;657900;Empréstimo;Papel Comercial;Prémio;EUR;10000000;10000000;02/01/2025;01/04/2025;PC1155_0002;AAPICO MAIA 2024 - 2ª Emissão;PTAA9DJM0003;1312000;AAPICO MAIA S A//;10097108.89;30/12/2024;3.928;10097108.89;60011.11;PC1155;6210;504202219;"	";Taxa Variável;3.928;1.25;EURIBOR3M;2.678;8042951575;113;EMP
31/12/2024;657935;Empréstimo;Papel Comercial;Prémio;EUR;300000;300000;03/01/2025;04/04/2025;PC0946_0010;Domingos Sousa & Fos SA 2022 - 10ª Emissão;PTD03IJM0011;1312000;DOMINGOS SOUSA & FILHOS SA .//;302816.45;31/12/2024;3.714;302816.45;1671.3;PC0946;6246;500641269;"	";Taxa Variável;3.714;1;EURIBOR3M0;2.714;8006439586;113;EMP
31/12/2024;657936;Empréstimo;Papel Comercial;Prémio;EUR;600000;600000;03/01/2025;03/04/2025;PC0963_0009;DUVALLI - 2022 - 9ª Emissão;PTD36IJM0004;1312000;DUVALLI SA//;605565.00;31/12/2024;3.71;605565.00;3339;PC0963;6226;504638696;"	";Taxa Variável;3.71;1.25;EURIBOR1Y0;2.46;1700015791;113;EMP
31/12/2024;657948;Empréstimo;Papel Comercial;Prémio;EUR;1250000;1250000;03/01/2025;02/07/2025;PC1118_0004;GRUPADO EFAFLU - 2024 - 4ª Emissão;PTF73EJM0000;1312000;FIGEFA, SERVICOS DE CONSULTADORIA E GESTAO S.A.//;1270062.50;31/12/2024;3.21;1270062.50;6018.75;PC1118;6707;506740536;"	";Taxa Variável;3.21;0.75;EURIBOR12M;2.46;1700176349;113;EMP
02/01/2025;657976;Empréstimo;Papel Comercial;Prémio;EUR;1000000;1000000;03/01/2025;03/04/2025;PC1183_0001;DUVALLI,SA 2025 - 1ª Emissão;PTD36JJM0003;1312000;DUVALLI SA//;1008785.00;02/01/2025;3.514;1008785.00;5271;PC1183;6226;504638696;"	";Taxa Variável;3.514;0.8;EURIBOR3M;2.714;1700015791;113;EMP
02/01/2025;657978;Empréstimo;Papel Comercial;Prémio;EUR;300000;300000;06/01/2025;07/07/2025;PC0901_0007;GRUPADO MISTONETOS e MISTOLIN - JAN 2 - 7ª Emissão;PTMI17JM0006;1310000;MISTONETOS - SGPS, S.A.//;301289.17;02/01/2025;0.85;301289.17;361.25;PC0901;5315;505804360;"	";Taxa Fixa;0.85;;;;5100477908;113;EMP
02/01/2025;657979;Empréstimo;Papel Comercial;Prémio;EUR;400000;400000;03/01/2025;03/04/2025;PC0898_0011;IMPETUS - JAN 2022 - 11ª Emissão;PTI13QJM0014;1312000;IMPETUS PORTUGAL-TEXTEIS, S.A.//;400800.00;02/01/2025;0.8;400800.00;480;PC0898;6707;500736685;"	";Taxa Fixa;0.8;;;;8023798155;113;EMP
03/01/2025;658042;Empréstimo;Papel Comercial;Prémio;EUR;150000000;150000000;06/01/2025;19/03/2025;PC0282_0027;GALP ENERGIA 2014 - 27ª Emissão;PTGA2OJM0038;1312000;GALP ENERGIA SGPS, LISBOA//;150903600.00;03/01/2025;3.012;150903600.00;640050;PC0282;9411;504499777;"	31000310011604074";Taxa Variável;3.012;0.45;EURIBOR6M;2.562;8046324613;113;EMP
03/01/2025;658058;Empréstimo;Papel Comercial;Prémio;EUR;14000000;2500000;07/01/2025;07/04/2025;PC1125_0002;GRUPADO MARTINIQUAISE - 2024 - 2ª Emissão;PTV12QJM0000;1312000;VALE DE S. MARTINHO - SOCIEDADE AGRICOLA SA//;2521756.25;03/01/2025;3.481;2521756.25;12086.81;PC1125;7102;503998532;"	";Taxa Variável;3.481;0.75;EURIBOR3M0;2.731;7400380745;113;EMP
06/01/2025;658147;Empréstimo;Papel Comercial;Prémio;EUR;2000000;1300000;07/01/2025;10/03/2025;PC1055_0015;GRESTEL - 2024 - 15ª Emissão;PTG34OJM0013;1312000;GRESTEL PRODUTOS CERAMICOS S.A.//;1307634.50;06/01/2025;3.40995;1307634.50;6156.94;PC1055;6245;504266098;"	";Taxa Variável;3.40995;0.65;EURIBOR1M;2.792;2381006685;113;EMP
06/01/2025;658166;Empréstimo;Papel Comercial;Prémio;EUR;2000000;2000000;08/01/2025;08/04/2025;PC1072_0006;UNIOVO - 6ª Emissão;PTU10KJM0009;1312000;UNIOVO - OVOS E DERIVADOS S.A.//;2017435.00;06/01/2025;3.487;2017435.00;9492.39;PC1072;6586;501793372;"	";Taxa Variável;3.487;1;EURIBOR1Y0;2.487;8046408060;113;EMP
06/01/2025;658167;Empréstimo;Papel Comercial;Prémio;EUR;1500000;1500000;06/01/2025;07/04/2025;PC1122_0003;SIDEFARMA - 2024 - 3ª Emissão;PTS9HCJM0008;1312000;SIDEFARMA SOCIEDADE INDUSTRIAL DE EXPANSAO FARMACEUTICA S A//;1513452.83;06/01/2025;3.548;1513452.83;7539.5;PC1122;6208;500717419;"	";Taxa Variável;3.548;1.1;EURIBOR12M;2.448;8038219397;113;EMP
06/01/2025;658169;Empréstimo;Papel Comercial;Prémio;EUR;1000000;1000000;06/01/2025;26/05/2025;PC1178_0001;ENERMUNDO 2024 - 1ª Emissão;PTE1NAJM0000;1312000;ENERMUNDO - INSTALACOES ELECTRICAS, S.A.//;1012631.11;06/01/2025;3.248;1012631.11;4601.33;PC1178;6228;507980344;"	";Taxa Variável;3.248;0.8;EURIBOR12M;2.448;7400660899;113;EMP
06/01/2025;658191;Empréstimo;Papel Comercial;Prémio;EUR;14800000;14800000;08/01/2025;08/07/2025;PC0902_0008;PENTAFLEX - 2022 - 8ª Emissão;PTP91HJM0003;1310000;PENTAFLEX - HOLDING INVESTIMENTOS E PARTICIPAÇÕES SOCIAIS, SGPS, S.A//;14858040.67;06/01/2025;0.78;14858040.67;15712.67;PC0902;7102;516543946;"	";Taxa Fixa;0.78;;;;7402260970;113;EMP
06/01/2025;658192;Empréstimo;Papel Comercial;Prémio;EUR;2000000;700000;03/01/2025;29/12/2025;PC1191_0001;GRUPADO AUTOZITANIA 2024 - 1ª Emissão;PTA38UJM0058;1312000;AUTOZITANIA-ACESSORIOS SOBRESSALENTES SA//;725620.00;06/01/2025;3.66;725620.00;3843;PC1191;6593;501760555;"	";Taxa Variável;3.66;1.2;EURIBOR12M;2.46;8029710626;113;EMP
06/01/2025;658193;Empréstimo;Papel Comercial;Prémio;EUR;2000000;700000;03/01/2025;29/12/2025;PC1191_0002;GRUPADO AUTOZITANIA 2024 - 2ª Emissão;PTB1AAJM0001;1312000;BRAGALIS, PECAS E ACESSORIOS PARA AUTOMOVEIS S.A.//;725620.00;06/01/2025;3.66;725620.00;3843;PC1191;6593;501560254;"	";Taxa Variável;3.66;1.2;EURIBOR12M;2.46;8037807550;113;EMP
08/01/2025;658314;Empréstimo;Papel Comercial;Prémio;EUR;6000000;3600000;08/01/2025;31/03/2025;PC1096_0004;DRIVE ON HOLIDAYS - 2024 - 4ª Emissão;PTD35NJM0008;1312000;DRIVE ON HOLIDAYS - COMERCIO E ALUGUER DE VEICULOS//;3635563.40;08/01/2025;4.337;3635563.40;21251.3;PC1096;6704;509776809;"	";Taxa Variável;4.337;1.85;EURIBOR12M;2.487;7400946974;113;EMP
08/01/2025;658367;Empréstimo;Papel Comercial;Prémio;EUR;900000;900000;10/01/2025;11/04/2025;PC1130_0004;ATB 2024 - 4ª Emissão;PTAZ6DJM0003;1312000;ATB ACABAMENTOS TEXTEIS BARCELOS,LDA//;908035.30;08/01/2025;3.532;908035.30;4150.1;PC1130;6707;501638733;"	";Taxa Variável;3.532;0.75;EURIBOR3M0;2.782;8007400616;113;EMP
08/01/2025;658368;Empréstimo;Papel Comercial;Prémio;EUR;900000;900000;10/01/2025;10/07/2025;PC1124_0003;VIALSIL 2024 - 3ª Emissão;PTV46CJM0006;1312000;VIALSIL, S.A.//;915434.78;08/01/2025;3.411;915434.78;4007.93;PC1124;6228;503539384;"	";Taxa Variável;3.411;0.85;EURIBOR1Y0;2.561;5100376938;113;EMP
08/01/2025;658385;Empréstimo;Papel Comercial;Prémio;EUR;1250000;1250000;10/01/2025;24/03/2025;PC0976_0005;MECWIDE SA 2023 - 5ª Emissão;PTM886JM0002;1312000;MECWIDE SA//;1259279.62;08/01/2025;3.661;1259279.62;5974.55;PC0976;6707;508603013;"	";Taxa Variável;3.661;1.1;EURIBOR12M;2.561;7400502963;113;EMP
08/01/2025;658389;Empréstimo;Papel Comercial;Prémio;EUR;4500000;4500000;10/01/2025;11/04/2025;PC0274_0112;FERREIRA CONSTRUÇÃO,SA - 112ª Emissão;PTG32GJM0015;1312000;GLOBAL F HOLDING SGPS S.A.//;4539687.38;08/01/2025;3.489;4539687.38;20497.88;PC0274;6581;509244297;"	31000310014905074";Taxa Variável;3.489;0.85;EURIBOR6M;2.639;7400902937;113;EMP
08/01/2025;658390;Empréstimo;Papel Comercial;Prémio;EUR;2000000;2000000;08/01/2025;07/07/2025;PC1194_0001;GRUPADO JOAQUIM CHAVES 2024 - 1ª Emissão;PTQ00YJM0068;1312000;JOAQUIM CHAVES ONCOLOGIA SA//;2037370.00;08/01/2025;3.737;2037370.00;10172.94;PC1194;6208;504148850;"	";Taxa Variável;3.737;1.25;EURIBOR12M;2.487;8046349580;113;EMP
09/01/2025;658431;Empréstimo;Papel Comercial;Prémio;EUR;2500000;2500000;10/01/2025;10/04/2025;PC1039_0005;CONDURIL - ENGENHARIA, SA - 2024 - 5ª Emissão;PTCD1YJM0071;1310000;CONDURIL ENGENHARIA, SA//;2525200.00;09/01/2025;4.032;2525200.00;13160;PC1039;6210;500070210;"	";Taxa Variável;4.032;1.25;EURIBOR3M;2.782;8001332171;113;EMP
09/01/2025;658433;Empréstimo;Papel Comercial;Prémio;EUR;1800000;350000;10/01/2025;29/12/2025;PC1098_0003;ALBERTO DIAS BARBOSA, LDA - 2024 - 3ª Emissão;PTAB1QJM0004;1312000;ALBERTO DIAS BARBOSA LDA//;361019.97;09/01/2025;3.211;361019.97;1467.25;PC1098;6228;502218134;"	";Taxa Variável;3.211;0.65;EURIBOR12M;2.561;196675;113;EMP
10/01/2025;658521;Empréstimo;Papel Comercial;Prémio;EUR;8100000;7000000;14/01/2025;11/07/2025;PC0994_0009;Grupado Logoplaste - 2023 - 9ª Emissão;PTEC3DJM0007;1310000;ECOIBERIA - RECICLADOS IBÉRICO, S.A.//;7133737.33;10/01/2025;3.864;7133737.33;32307.33;PC0994;7103;507502434;"	";Taxa Variável;3.864;1.3;EURIBOR12M;2.564;7400387010;113;EMP
13/01/2025;658572;Empréstimo;Papel Comercial;Prémio;EUR;11700000;11700000;15/01/2025;15/04/2025;PC0897_0012;PINTOGAL - JAN 2022 - 12ª Emissão;PTM71UJM0003;1320000;MULTILAFOES AVIARIO MULTIPLICACAO LAFOES, S.A.//;11719012.50;13/01/2025;0.65;11719012.50;8872.5;PC0897;6594;503254371;"	";Taxa Fixa;0.65;;;;9001492287;113;EMP
13/01/2025;658573;Empréstimo;Papel Comercial;Prémio;EUR;250000;250000;10/01/2025;10/04/2025;PC0900_0013;GRUPADO DEROVO - JAN 2022 - 13ª Emissão;PTD33IJM0015;1312000;DEROVO, SGPS, S.A.//;250525.00;13/01/2025;0.84;250525.00;274.17;PC0900;6594;508095212;"	";Taxa Fixa;0.84;;;;7400463271;113;EMP
13/01/2025;658599;Empréstimo;Papel Comercial;Prémio;EUR;5500000;5500000;15/01/2025;15/04/2025;PC1089_0003;FINANÇOR 2024 - 3ª Emissão;PTF604JM0106;1312000;FINANCOR DISTRIBUICAO ALIMENTAR LDA//;5543670.00;13/01/2025;3.176;5543670.00;20379.33;PC1089;7104;512014850;"	";Taxa Variável;3.176;0.6;EURIBOR1Y0;2.576;2101242443;113;EMP
13/01/2025;658617;Empréstimo;Papel Comercial;Prémio;EUR;15000000;15000000;13/01/2025;06/01/2026;PC1193_0001;GRUPADO ETE 2025 - 1ª Emissão;PTO26AJM0001;1312000;OCEAN HORSE OPERACOES MARITIMAS E PORTUARIAS S.A.//;15597658.63;13/01/2025;4.00665;15597658.63;73456.17;PC1193;7103;515170046;"	";Taxa Variável;4.00665;1.45;EURIBOR6M;2.649;7401776796;113;EMP
14/01/2025;658688;Empréstimo;Papel Comercial;Prémio;EUR;2500000;2500000;15/01/2025;15/07/2025;PC0894_0009;GRUPADO IBERSOL - DEZ 2021 - 9ª Emissão;PTIB1YJM0056;1312000;IBERSOL-SGPS,SA//;2518854.17;14/01/2025;1.5;2518854.17;4375;PC0894;7102;501669477;"	";Taxa Fixa;1.5;;;;8022616823;113;EMP
14/01/2025;658705;Empréstimo;Papel Comercial;Desconto;EUR;20000000;20000000;16/01/2025;17/04/2025;PC0003_0108;AMORIM HOLDING II 2008 - 108ª Emissão;PTAH1LJM0105;1312000;AMORIM HOLDING II, SGPS S.A.//;20000000.00;14/01/2025;3.211;20000000.00;88476.31;PC0003;9411;501811206;"	31000310005911074";Taxa Variável;3.211;0.45;EURIBOR3M0;2.761;8008751317;113;EMP
15/01/2025;658843;Empréstimo;Papel Comercial;Prémio;USD;250000000;242718446.6;17/01/2025;16/07/2025;PC0281_0023;GRUPADO EDP 2014 - 23ª Emissão;PTED2TJM0008;2310000;EDP FINANCE BV//;251750000.00;15/01/2025;1.4;251750000.00;388888.89;PC0281;9411;;"	31000310019342074";Taxa Fixa;1.4;;;;7400199147;113;EMP
16/01/2025;658891;Empréstimo;Papel Comercial;Prémio;EUR;1000000;1000000;20/01/2025;22/04/2025;PC0995_0005;ASPOCK PORTUGAL - 2023 - 5ª Emissão;PTA1K2JM0003;1312000;ASPOCK PORTUGAL, S.A.//;1010012.67;16/01/2025;3.918;1010012.67;4026.83;PC0995;6226;500643024;"	";Taxa Variável;3.918;1.25;EURIBOR6M0;2.668;5100477402;113;EMP
16/01/2025;658892;Empréstimo;Papel Comercial;Prémio;EUR;4200000;4200000;17/01/2025;17/04/2025;PC1127_0003;GRUPADO TIM WE - 3ª Emissão;PTT31NJM0053;1312000;TIM WE-SGPS SA//;4245769.50;16/01/2025;4.359;4245769.50;20342;PC1127;7103;507523660;"	";Taxa Variável;4.359;1.8;EURIBOR12M;2.559;7400311368;113;EMP
16/01/2025;658915;Empréstimo;Papel Comercial;Prémio;USD;112500000;109223300.97;17/12/2024;26/06/2025;PC0828_0011;GRUPADO EDP 2020 - 11ª Emissão;PTED2SJM0009;2310000;EDP FINANCE BV//;113138656.25;16/01/2025;1.07;113138656.25;237406.25;PC0828;9411;;"	";Taxa Fixa;1.07;;;;7400199147;113;EMP
17/01/2025;658980;Empréstimo;Papel Comercial;Prémio;EUR;1000000;250000;20/01/2025;17/06/2025;PC1192_0001;TRANSWHITE - 1ª Emissão;PTTW1PJM0019;1312000;TRANSWHITE - TRANSPORTES UNIPESSOAL LDA//;253661.97;17/01/2025;3.563;253661.97;915.49;PC1192;6239;506996395;"	";Taxa Variável;3.563;1;EURIBOR12M;2.563;5100550773;113;EMP
17/01/2025;659023;Empréstimo;Papel Comercial;Prémio;EUR;700000;700000;20/01/2025;22/04/2025;PC1126_0002;IRMÃOS MONTEIRO 2024 - 2ª Emissão;PTI39DJM0001;1312000;Irmaos Monteiro S.A.//;706373.81;17/01/2025;3.563;706373.81;2563.38;PC1126;6245;501248757;"	";Taxa Variável;3.563;1;EURIBOR12M;2.563;8041647209;113;EMP
17/01/2025;659024;Empréstimo;Papel Comercial;Prémio;EUR;3000000;3000000;20/01/2025;10/04/2025;PC1195_0001;MARTINS DA CRUZ & CRUZ 2025 - 1ª Emissão;PTM618JM0007;1312000;MARTINS DA CRUZ & CRUZ II METALOMECANICA SA//;3022420.00;17/01/2025;3.363;3022420.00;10369.25;PC1195;6707;503708399;"	";Taxa Variável;3.363;0.8;EURIBOR12M;2.563;8039312356;113;EMP
20/01/2025;659109;Empréstimo;Papel Comercial;Prémio;EUR;1500000;600000;22/01/2025;17/03/2025;PC0974_0014;Despomar 2023 - 14ª Emissão;PTD06NJM0060;1312000;DESPOMAR-COMERCIALIZAÇÃO ARTIGOS DESPORTIVOS, LDA//;603269.70;20/01/2025;3.633;603269.70;2119.25;PC0974;6239;501823646;"	";Taxa Variável;3.633;1.15;EURIBOR1Y0;2.483;8024823522;113;EMP
20/01/2025;659110;Empréstimo;Papel Comercial;Prémio;EUR;1000000;1000000;22/01/2025;22/07/2025;PC1050_0003;UNIMADEIRAS - 2024 - 3ª Emissão;PTUN1OJM0009;1312000;UNIMADEIRAS - PRODUÇÃO, COMÉRCIO E EXPLORAÇÃO FLORESTAL, SA.//;1019452.47;20/01/2025;3.869;1019452.47;3761.53;PC1050;6245;500293066;"	";Taxa Variável;3.869;1.25;EURIBOR6M0;2.619;1700163470;113;EMP
20/01/2025;659112;Empréstimo;Papel Comercial;Prémio;EUR;900000;900000;22/01/2025;22/04/2025;PC1129_0003;CARTONAGEM EXPRESSO 2024 - 3ª Emissão;PTCX2CJM0009;1312000;CARTONAGEM EXPRESSO LIMITADA//;907823.25;20/01/2025;3.477;907823.25;3042.38;PC1129;6246;504142712;"	";Taxa Variável;3.477;0.8;EURIBOR3M0;2.677;8045312565;113;EMP
21/01/2025;659174;Empréstimo;Papel Comercial;Prémio;EUR;5000000;3500000;23/01/2025;28/02/2025;PC0308_0180;GRUPADO VNC - 180ª Emissão;PTN18MJM0008;1320000;VNC CAPITAL SGPS, SA//;3511781.42;21/01/2025;3.36612;3511781.42;11126.83;PC0308;6246;508740002;"	31000310011885074";Taxa Variável;3.36612;0.6;EURIBOR1M0;2.774;7400549298;113;EMP
21/01/2025;659180;Empréstimo;Papel Comercial;Prémio;EUR;100000000;100000000;23/01/2025;27/03/2025;PC0396_0024;NOS - SGPS, SETEMBRO 2015 - 24ª Emissão;PTZM84JM0177;1310000;NOS-SGPS SA//;100203000.00;21/01/2025;1.16;100203000.00;109555.56;PC0396;9411;504453513;"	31000310013436074";Taxa Fixa;1.16;;;;8046287003;113;EMP
21/01/2025;659195;Empréstimo;Papel Comercial;Prémio;EUR;2700000;2700000;23/01/2025;23/07/2025;PC0869_0009;Grupado Portianga e S. C. Auto Africa - 9ª Emissão;PTP03XJM0026;1312000;PORTIANGA - COMERCIO INTERNACIONAL E PARTICIPAÇÕES, SA//;2757544.43;21/01/2025;4.239;2757544.43;10809.45;PC0869;7102;502296291;"	";Taxa Variável;4.239;1.75;EURIBOR1Y0;2.489;1700059301;113;EMP
22/01/2025;659233;Empréstimo;Papel Comercial;Prémio;EUR;2000000;150000;21/01/2025;26/03/2025;PC1154_0003;LASKASAS 2024 - 3ª Emissão;PTL668JM0008;1312000;LASKASAS, S.A//;150819.73;22/01/2025;3.074;150819.73;461.1;PC1154;6228;507272102;"	";Taxa Variável;3.074;0.55;EURIBOR12M;2.524;7400259429;113;EMP
22/01/2025;659276;Empréstimo;Papel Comercial;Prémio;EUR;3350000;3350000;24/01/2025;24/04/2025;PC1163_0002;EUROGALVA - 2ª Emissão;PTE88GJM0010;1312000;EUROGALVA SA//;3379253.88;22/01/2025;3.493;3379253.88;10726.42;PC1163;6226;507011503;"	";Taxa Variável;3.493;1;EURIBOR1Y0;2.493;5100378105;113;EMP
22/01/2025;659277;Empréstimo;Papel Comercial;Prémio;EUR;750000;100000;24/01/2025;23/05/2025;PC1128_0007;TRANSGRANITOS 2024 - 7ª Emissão;PTT1GGJM0001;1312000;TRANSGRANITOS-MARMORES E GRANITOS ALTO TAMEGA,LDA//;101005.88;22/01/2025;3.043;101005.88;278.94;PC1128;6228;502214244;"	";Taxa Variável;3.043;0.55;EURIBOR1Y0;2.493;8025832051;113;EMP
22/01/2025;659279;Empréstimo;Papel Comercial;Prémio;EUR;3200000;3200000;24/01/2025;05/05/2025;PC0998_0016;GRUPADO CORK SUPPLY 2023 - 16ª Emissão;PTC55WJM0045;1312000;CORK SUPPLY PORTUGAL, SA//;3229721.83;22/01/2025;3.3106;3229721.83;9711.09;PC0998;6226;503383058;"	";Taxa Variável;3.3106;0.65;EURIBOR3M0;2.671;8030996066;113;EMP
22/01/2025;659280;Empréstimo;Papel Comercial;Prémio;EUR;1500000;1500000;24/01/2025;21/03/2025;PC0895_0032;GRUPADO ETE - DEZ 2021 - 32ª Emissão;PTE93NJM0014;1312000;ETE-FLUVIAL SA//;1508356.86;22/01/2025;3.58151;1508356.86;4924.56;PC0895;7103;502387645;"	";Taxa Variável;3.58151;0.85;EURIBOR1M0;2.776;9001499374;113;EMP
22/01/2025;659298;Empréstimo;Papel Comercial;Prémio;EUR;10000000;10000000;24/01/2025;26/03/2025;PC0853_0019;GRUPADO TOYOTA CAETANO 2017 - II TF - 19ª Emissão;PTTY0HJM0081;1312000;TOYOTA CAETANO PORTUGAL, SA//;10021180.56;22/01/2025;1.25;10021180.56;11458.33;PC0853;7102;500239037;"	";Taxa Fixa;1.25;;;;2584;113;EMP
22/01/2025;659299;Empréstimo;Papel Comercial;Prémio;EUR;1500000;1500000;24/01/2025;24/04/2025;PC1045_0005;MENDES E GONÇALVES, SA - 2024 - 5ª Emissão;PTM94CJM0016;1312000;MENDES GONÇALVES SA//;1512828.75;22/01/2025;3.421;1512828.75;4703.88;PC1045;6594;501277625;"	";Taxa Variável;3.421;0.75;EURIBOR3M;2.671;8005168546;113;EMP
23/01/2025;659326;Empréstimo;Papel Comercial;Prémio;EUR;200000;200000;27/01/2025;28/04/2025;PC0879_0012;ROZES SA 2021 - 12ª Emissão;PTR37MJM0019;1312000;ROZES S.A.//;200606.67;23/01/2025;1.2;200606.67;200;PC0879;6581;501789650;"	";Taxa Fixa;1.2;;;;2311002805;113;EMP
23/01/2025;659351;Empréstimo;Papel Comercial;Prémio;EUR;10000000;6000000;27/01/2025;27/03/2025;PC1151_0011;GRUPADO ETE 2024 - 11ª Emissão;PTE31CJM0137;1312000;ETE-SOCIEDADE GESTORA DE PARTICIPACOES SOCIAIS, SA//;6035066.45;23/01/2025;3.56608;6035066.45;17830.5;PC1151;7103;501718656;"	";Taxa Variável;3.56608;0.85;EURIBOR1M0;2.755;9000755211;113;EMP
23/01/2025;659352;Empréstimo;Papel Comercial;Prémio;EUR;2000000;1000000;24/01/2025;23/07/2025;PC0906_0010;MULTIMOTO - JAN 2022 - 10ª Emissão;PTMU2UJM0002;1312000;MULTIMOTO-VEICULOS E ACESSORIOS,LDA//;1016590.00;23/01/2025;3.318;1016590.00;3041.5;PC0906;6226;502425717;"	";Taxa Variável;3.318;0.825;EURIBOR12M;2.493;7400038920;113;EMP
23/01/2025;659354;Empréstimo;Papel Comercial;Prémio;EUR;10000000;4000000;27/01/2025;27/03/2025;PC1151_0012;GRUPADO ETE 2024 - 12ª Emissão;PTE93OJM0013;1312000;ETE-FLUVIAL SA//;4023377.64;23/01/2025;3.56608;4023377.64;11887;PC1151;7103;502387645;"	";Taxa Variável;3.56608;0.85;EURIBOR1M0;2.755;9001499374;113;EMP
23/01/2025;659355;Empréstimo;Papel Comercial;Prémio;EUR;175000000;54000000;27/01/2025;26/02/2025;PC1085_0018;GRUPADO BA GLASS - 2024 - 18ª Emissão;PTB2B4JM0064;1312000;BA GLASS PORTUGAL S.A.//;54145575.00;23/01/2025;3.235;54145575.00;145575;PC1085;7102;500041393;"	";Taxa Variável;3.235;0.48;EURIBOR1M0;2.755;8005551652;113;EMP
23/01/2025;659356;Empréstimo;Papel Comercial;Prémio;EUR;15000000;5000000;24/01/2025;10/03/2025;PC0871_0009;TEAK CAPITAL,SA - 2021 - 9ª Emissão;PTT63PJM0003;1310000;TEAK CAPITAL, S.A.//;5020319.25;23/01/2025;3.25108;5020319.25;14900.88;PC0871;7102;503872075;"	";Taxa Variável;3.25108;0.5;EURIBOR1M;2.776;7400219649;113;EMP
23/01/2025;659357;Empréstimo;Papel Comercial;Prémio;EUR;1000000;1000000;27/01/2025;25/04/2025;PC1047_0003;GRUPADO SCRAPS - 2024 - 3ª Emissão;PTS9SCJM0005;1312000;SCRAPS - SOCIEDADE IMOBILIÁRIA, SA.//;1009638.44;23/01/2025;3.943;1009638.44;3285.83;PC1047;6707;505038080;"	";Taxa Variável;3.943;1.45;EURIBOR1Y0;2.493;2391013951;113;EMP
23/01/2025;659358;Empréstimo;Papel Comercial;Prémio;EUR;175000000;21000000;27/01/2025;26/02/2025;PC1085_0019;GRUPADO BA GLASS - 2024 - 19ª Emissão;PTB2B5JM0063;1312000;BA GLASS PORTUGAL S.A.//;21056612.50;23/01/2025;3.235;21056612.50;56612.5;PC1085;7102;500041393;"	";Taxa Variável;3.235;0.48;EURIBOR1M0;2.755;8005551652;113;EMP
23/01/2025;659388;Empréstimo;Papel Comercial;Prémio;EUR;39000000;39000000;23/01/2025;19/01/2026;PC0909_0011;NABEIROGEST 2022 - 11ª Emissão;PTN04HJM0175;1312000;NABEIROGEST-SOC GESTORA PARTICIPAÇÕES SOCIAIS,SA//;40129839.75;23/01/2025;2.889;40129839.75;106411.5;PC0909;6380;503770850;"	";Taxa Variável;2.889;0.4;EURIBOR12M;2.489;1700095595;113;EMP
23/01/2025;659389;Empréstimo;Papel Comercial;Prémio;EUR;400000;400000;27/01/2025;28/04/2025;PC0930_0011;GRUPADO BEBECAR 1M 2022 - 11ª Emissão;PTB12DJM0025;1312000;BEBECAR - S.G.P.S., S.A.//;404441.81;23/01/2025;4.393;404441.81;1464.33;PC0930;6226;505568462;"	";Taxa Variável;4.393;1.9;EURIBOR12M;2.493;1700215173;113;EMP
24/01/2025;659458;Empréstimo;Papel Comercial;Prémio;EUR;5000000;5000000;28/01/2025;14/03/2025;PC0868_0019;GRUPADO DISA - 2021 - 19ª Emissão;PTP87QJM0008;1312000;PRIO BIOCOMBUSTIVEIS SA//;5024368.75;24/01/2025;3.899;5024368.75;15704.31;PC0868;9405;507597303;"	";Taxa Variável;3.899;1.4;EURIBOR1Y0;2.499;7400250466;113;EMP
24/01/2025;659459;Empréstimo;Papel Comercial;Prémio;EUR;1300000;1300000;28/01/2025;28/04/2025;PC0980_0004;GRUPADO JPM 2023 - 4ª Emissão;PTJ57DJM0007;1310000;JPM ASSET RENTING UNIPESSOAL LDA//;1312044.50;24/01/2025;3.706;1312044.50;3881.01;PC0980;;517292025;"	";Taxa Variável;3.706;1.125;EURIBOR6M0;2.581;7402515012;113;EMP
24/01/2025;659460;Empréstimo;Papel Comercial;Prémio;EUR;11500000;5500000;27/01/2025;26/02/2025;PC1036_0019;GRUPADO SALVADOR CAETANO 2023 - 19ª Emissão;PTV44PJM0003;1312000;23 PORTUGAL, S.A.//;5516064.58;24/01/2025;3.505;5516064.58;16064.58;PC1036;7102;517309203;"	";Taxa Variável;3.505;0.75;EURIBOR1M;2.755;7402651577;113;EMP
27/01/2025;659555;Empréstimo;Papel Comercial;Prémio;EUR;8000000;1500000;29/01/2025;28/02/2025;PC0550_0069;GRUPADO ARIE - 69ª Emissão;PTCK5RJM0014;1312000;COOK BOOK 2020 CONSULTORIA EM RESTAURACAO LDA//;1504668.75;27/01/2025;3.735;1504668.75;4357.5;PC0550;6208;514754290;"	31000310018542074";Taxa Variável;3.735;1;EURIBOR1M0;2.735;7401756675;113;EMP
27/01/2025;659556;Empréstimo;Papel Comercial;Prémio;EUR;1450000;1450000;28/01/2025;28/04/2025;PC1165_0002;CARVITIN - 2ª Emissão;PTC9NCJM0004;1312000;CARVITIN TINTURARIA E ACABAMENTOS LDA//;1461233.88;27/01/2025;3.099;1461233.88;3619.8;PC1165;6707;507975170;"	";Taxa Variável;3.099;0.6;EURIBOR12M;2.499;7400303258;113;EMP
27/01/2025;659557;Empréstimo;Papel Comercial;Prémio;EUR;800000;800000;29/01/2025;29/04/2025;PC1046_0005;SEDACOR - 2024 - 5ª Emissão;PTS356JM0034;1312000;SEDACOR SA//;807656.00;27/01/2025;3.828;807656.00;2381.87;PC1046;6226;500581525;"	";Taxa Variável;3.828;1.3;EURIBOR1Y0;2.528;2661001994;113;EMP
27/01/2025;659558;Empréstimo;Papel Comercial;Prémio;EUR;17500000;17500000;29/01/2025;27/03/2025;PC1032_0012;COLEP 2023 - 12ª Emissão;PTCK1TJM0040;1312000;COLEP PACKAGING PORTUGAL , S.A.//;17591259.61;27/01/2025;3.29358;17591259.61;44829.56;PC1032;7102;516267230;"	";Taxa Variável;3.29358;0.6;EURIBOR1M0;2.735;7402191345;113;EMP
27/01/2025;659559;Empréstimo;Papel Comercial;Prémio;EUR;5000000;1000000;29/01/2025;03/03/2025;PC1112_0041;GRUPADO JAPGEST 2024 BULLET - 41ª Emissão;PTJ2GOJM0126;1310000;JAPGEST SGPS LDA//;1003145.83;27/01/2025;3.43181;1003145.83;2669.18;PC1112;6228;505776480;"	";Taxa Variável;3.43181;0.7;EURIBOR1M;2.735;1700023219;113;EMP
27/01/2025;659560;Empréstimo;Papel Comercial;Prémio;EUR;50000000;50000000;29/01/2025;31/03/2025;PC0913_0014;SONAE MC I - MARÇO 2022 - 14ª Emissão;PTMO9XJM0096;1312000;MCRETAIL, SGPS SA//;50072861.11;27/01/2025;0.86;50072861.11;33444.44;PC0913;9411;501532927;"	";Taxa Fixa;0.86;;;;5237;113;EMP
27/01/2025;659561;Empréstimo;Papel Comercial;Prémio;EUR;3000000;2050000;29/01/2025;04/03/2025;PC0783_0034;GRUPADO PROEF - DEZEMBRO 2019 - 34ª Emissão;PTP331JM0105;1312000;Proef S.G.P.S. SA//;2056679.58;27/01/2025;3.45;2056679.58;5500.83;PC0783;6210;506418758;"	31000310019722074";Taxa Variável;3.45;0.85;EURIBOR6M0;2.6;7400114924;113;EMP
27/01/2025;659580;Empréstimo;Papel Comercial;Prémio;EUR;300000;300000;29/01/2025;29/04/2025;PC0936_0011;MundoTextil 2022 - 11ª Emissão;PTM021JM0065;1310000;MUNDOTEXTIL - INDUSTRIAS TEXTEIS SA//;302100.00;27/01/2025;2.8;302100.00;653.33;PC0936;6246;500388407;"	";Taxa Fixa;2.8;;;;6220013931;113;EMP
28/01/2025;659599;Empréstimo;Papel Comercial;Prémio;EUR;5000000;2000000;30/01/2025;03/03/2025;PC1112_0042;GRUPADO JAPGEST 2024 BULLET - 42ª Emissão;PTJ2G9JM0128;1310000;JAPGEST SGPS LDA//;2006118.77;28/01/2025;3.44181;2006118.77;5162.7;PC1112;6228;505776480;"	";Taxa Variável;3.44181;0.7;EURIBOR1M0;2.744;1700023219;113;EMP
28/01/2025;659609;Empréstimo;Papel Comercial;Prémio;EUR;1000000;550000;30/01/2025;04/03/2025;PC1152_0005;Lusomotos 2024 - 5ª Emissão;PTL537JM0023;1312000;LUSOMOTOS- VEICULOS E ACESSORIO, SA//;551554.85;28/01/2025;3.084;551554.85;1272.15;PC1152;6245;501831339;"	";Taxa Variável;3.084;0.55;EURIBOR1Y0;2.534;8023657561;113;EMP
28/01/2025;659610;Empréstimo;Papel Comercial;Prémio;EUR;10000000;10000000;30/01/2025;03/03/2025;PC1150_0005;GRUPADO ARIE 2024 - 5ª Emissão;PTA92VJM0035;1312000;Arie Investimentos - Sgps S.A.//;10031482.76;28/01/2025;3.54181;10031482.76;26563.5;PC1150;6208;510063152;"	";Taxa Variável;3.54181;0.8;EURIBOR1M0;2.744;7401212019;113;EMP
28/01/2025;659611;Empréstimo;Papel Comercial;Prémio;EUR;15000000;15000000;30/01/2025;28/02/2025;PC1131_0006;NORS 2024 - 6ª Emissão;PTA1SPJM0170;1312000;NORS, S.A.//;15039337.29;28/01/2025;3.2555;15039337.29;36624.38;PC1131;7102;500038015;"	";Taxa Variável;3.2555;0.5;EURIBORSW0;2.882;1952;113;EMP
28/01/2025;659612;Empréstimo;Papel Comercial;Prémio;EUR;2000000;2000000;30/01/2025;03/03/2025;PC1068_0011;PECOL AUTOMOTIVE,SA - 2024 - 11ª Emissão;PTP40YJM0095;1312000;PECOL AUTOMOTIVE (BAPOP)//;2005941.00;28/01/2025;3.34181;2005941.00;5012.7;PC1068;6245;505332655;"	";Taxa Variável;3.34181;0.6;EURIBOR1M0;2.744;5100465679;113;EMP
29/01/2025;659644;Empréstimo;Papel Comercial;Prémio;EUR;300000;300000;31/01/2025;02/05/2025;PC0838_0018;DESTILARIA LEVIRA LDA - OUTUBRO 2020 - 18ª Emissão;PTD25NJM0026;1312000;DESTILARIA LEVIRA LDA//;300758.33;29/01/2025;1;300758.33;216.67;PC0838;6586;506150283;"	";Taxa Fixa;1;;;;7400728340;113;EMP
29/01/2025;659649;Empréstimo;Papel Comercial;Prémio;EUR;8000000;8000000;31/01/2025;28/02/2025;PC0383_0103;GRUPADO SANTOGAL 2015 II - 103ª Emissão;PTS17TJM0080;1310000;SANTOGAL IMOBILIARIA, SA//;8017640.00;29/01/2025;2.835;8017640.00;16380;PC0383;7103;500131465;"	31000310013204074";Taxa Variável;2.835;0.3;EURIBOR12M;2.535;8001104665;113;EMP
29/01/2025;659650;Empréstimo;Papel Comercial;Prémio;EUR;18000000;18000000;31/01/2025;28/02/2025;PC0755_0025;GRUPADO THE FLADGATE PARTNERSHIP VIN - 25ª Emissão;PTT179JM0151;1312000;THE FLADGATE PARTNERSHIP-VINHOS S.A.//;18051772.00;29/01/2025;3.698;18051772.00;48074;PC0755;7102;503818127;"	31000310019250074";Taxa Variável;3.698;1.1;EURIBOR6M0;2.598;2311003241;113;EMP
29/01/2025;659651;Empréstimo;Papel Comercial;Prémio;EUR;25000000;10000000;31/01/2025;28/02/2025;PC0912_0019;NORS 2022 - 19ª Emissão;PTA3SRJM0176;1312000;AUTO SUECO LIMITADA//;10028194.44;29/01/2025;3.625;10028194.44;26180.56;PC0912;7102;500038015;"	";Taxa Variável;3.625;0.9;EURIBOR1M0;2.725;1952;113;EMP
29/01/2025;659652;Empréstimo;Papel Comercial;Prémio;EUR;1000000;250000;29/01/2025;17/09/2025;PC1192_0002;TRANSWHITE - 2ª Emissão;PTTW1QJM0018;1312000;TRANSWHITE - TRANSPORTES UNIPESSOAL LDA//;255659.50;29/01/2025;3.528;255659.50;686;PC1192;6239;506996395;"	";Taxa Variável;3.528;1;EURIBOR12M;2.528;5100550773;113;EMP
29/01/2025;659668;Empréstimo;Papel Comercial;Prémio;EUR;600000;600000;31/01/2025;30/01/2026;PC1052_0002;INTERPREV - 2024 - 2ª Emissão;PTI1VDJM0008;1312000;INTERPREV - SEGURANCA E SAUDE DO TRABALHO, S.A.//;621142.33;29/01/2025;3.485;621142.33;1510.17;PC1052;6247;507072065;"	";Taxa Variável;3.485;0.95;EURIBOR1Y0;2.535;7400860135;113;EMP
29/01/2025;659669;Empréstimo;Papel Comercial;Prémio;EUR;7500000;7200000;31/01/2025;28/02/2025;PC0971_0022;Santogal Imobiliária, S.A. 2023 - 22ª Emissão;PTS17UJM0087;1310000;SANTOGAL IMOBILIARIA, SA//;7215691.20;29/01/2025;2.802;7215691.20;14570.4;PC0971;7103;500131465;"	";Taxa Variável;2.802;0.19;EURIBOR3M0;2.612;8001104665;113;EMP
29/01/2025;659670;Empréstimo;Papel Comercial;Prémio;EUR;1200000;900000;31/01/2025;28/02/2025;PC0925_0052;GRUPADO Becrinvest 2022 - 52ª Emissão;PTG51RJM0018;1312000;GUBEC – I&D IN TEXTILES, UNIPESSOAL, LDA//;902458.40;29/01/2025;3.512;902458.40;2282.8;PC0925;6707;514693843;"	";Taxa Variável;3.512;0.9;EURIBOR3M0;2.612;7401654015;113;EMP
29/01/2025;659673;Empréstimo;Papel Comercial;Prémio;EUR;1200000;300000;31/01/2025;28/02/2025;PC0925_0053;GRUPADO Becrinvest 2022 - 53ª Emissão;PTG51SJM0017;1312000;GUBEC – I&D IN TEXTILES, UNIPESSOAL, LDA//;300819.47;29/01/2025;3.512;300819.47;760.93;PC0925;6707;514693843;"	";Taxa Variável;3.512;0.9;EURIBOR3M0;2.612;7401654015;113;EMP
30/01/2025;659736;Empréstimo;Papel Comercial;Prémio;EUR;900000;900000;31/01/2025;31/03/2025;PC1084_0001;CERÂMICA DA BORRALHEIRA - 2024 - 1ª Emissão;PTC1BJJM0009;1312000;CERAMICA DA BORRALHEIRA S.A.//;904938.30;30/01/2025;3.348;904938.30;2176.2;PC1084;6245;500817022;"	";Taxa Variável;3.348;0.75;EURIBOR6M;2.598;9002530400;113;EMP
30/01/2025;659737;Empréstimo;Papel Comercial;Prémio;EUR;1600000;1600000;31/01/2025;30/04/2025;PC0907_0013;MONLIZ PRODUTOS ALIMENTARES - 13ª Emissão;PTMU3MJM0001;1312000;MONLIZ-PRODUTOS ALIMENTARES MONDEGO E LIZ S.A.//;1604469.78;30/01/2025;1.13;1604469.78;1305.78;PC0907;6239;500963304;"	";Taxa Fixa;1.13;;;;9000647465;113;EMP
30/01/2025;659739;Empréstimo;Papel Comercial;Desconto;EUR;700000;700000;03/02/2025;01/08/2025;PC0109_0331;J. SOARES CORREIA - 331ª Emissão;PTJ00JJM0124;1312000;J. SOARES CORREIA ARMAZENS DE FERRO,S.A.//;700000.00;30/01/2025;1.33;700000.00;4007.83;PC0109;6581;500029857;"	31000310004211074";Taxa Fixa;1.33;;;;1095;113;EMP
30/01/2025;659742;Empréstimo;Papel Comercial;Prémio;EUR;6000000;1000000;30/01/2025;27/10/2025;PC1138_0003;GRUPADO FERPINTA TURISMO 2024 - 3ª Emissão;PTS71DJM0008;1312000;VILA BALEIRA PORTO SANTO SA//;1022755.00;30/01/2025;3.034;1022755.00;2275.5;PC1138;6226;511085133;"	";Taxa Variável;3.034;0.5;EURIBOR12M;2.534;2101706900;113;EMP
30/01/2025;659743;Empréstimo;Papel Comercial;Prémio;EUR;550000;550000;03/02/2025;02/05/2025;PC0948_0010;SULPASTEIS 2022 - 10ª Emissão;PTS93EJM0027;1312000;SULPASTEIS - COM. E IND. DE PRODUTOS ALIMENTARES CONGELADOS, LDA//;555083.34;30/01/2025;3.781;555083.34;1328.6;PC0948;6247;503297887;"	";Taxa Variável;3.781;1.25;EURIBOR1Y0;2.531;8046344141;113;EMP
30/01/2025;659744;Empréstimo;Papel Comercial;Prémio;EUR;250000;250000;03/02/2025;02/05/2025;PC0908_0013;GRUPADO DEROVO - FEV 2022 - 13ª Emissão;PTD33KJM0011;1312000;DEROVO, SGPS, S.A.//;250660.00;30/01/2025;1.08;250660.00;172.5;PC0908;6594;508095212;"	";Taxa Fixa;1.08;;;;7400463271;113;EMP
30/01/2025;659745;Empréstimo;Papel Comercial;Prémio;EUR;5500000;4000000;03/02/2025;05/03/2025;PC0367_0084;ESPORÃO SA - 84ª Emissão;PTFI1PJM0181;1312000;ESPORAO SA//;4011416.57;30/01/2025;3.42497;4011416.57;8752.78;PC0367;6208;500116377;"	31000310013014074";Taxa Variável;3.42497;0.7;EURIBOR1M0;2.729;8009658581;113;EMP
31/01/2025;659794;Empréstimo;Papel Comercial;Prémio;EUR;450000;450000;04/02/2025;02/05/2025;PC0883_0013;ZEZEROVO 2021 - 13ª Emissão;PTZ00DJM0013;1312000;ZEZEROVO - PRODUÇÃO AGRICOLA AVICOLA DO ZEZERE, SA//;450815.63;31/01/2025;0.75;450815.63;206.25;PC0883;6586;501686460;"	";Taxa Fixa;0.75;;;;8038392976;113;EMP
31/01/2025;659826;Empréstimo;Papel Comercial;Prémio;EUR;3000000;3000000;30/01/2025;30/10/2025;PC1197_0001;GLINTT 2025 - 1ª Emissão;PTG417JM0010;1312000;GLINTT GLOBAL INTELLIGENT TECHNOLOGIES SA//;3098109.38;31/01/2025;4.3125;3098109.38;9703.13;PC1197;7103;503541320;"	";Taxa Variável;4.3125;1.75;EURIBOR6M;2.591;3481005458;113;EMP
31/01/2025;659827;Empréstimo;Papel Comercial;Prémio;EUR;5000000;5000000;04/02/2025;19/01/2026;PC1169_0002;NABEIROGEST 2024 - 2ª Emissão;PTN04RJM0173;1312000;NABEIROGEST- SOCIEDADE GESTORA DE PARTICIPACOES SOCIAIS, S.A.//;5141490.42;31/01/2025;2.919;5141490.42;8919.17;PC1169;6380;503770850;"	";Taxa Variável;2.919;0.4;EURIBOR1Y0;2.519;1700095595;113;EMP
31/01/2025;659828;Empréstimo;Papel Comercial;Prémio;EUR;11000000;11000000;04/02/2025;04/09/2025;PC1162_0001;BONDALTI - 2024 - 1ª Emissão;PTQ1MAJM0005;1312000;BONDALTI CHEMICALS, S.A.//;11274657.78;31/01/2025;4.24;11274657.78;28502.22;PC1162;9411;500832234;"	";Taxa Variável;4.24;1.65;EURIBOR6M0;2.59;5100262365;113;EMP
31/01/2025;659829;Empréstimo;Papel Comercial;Prémio;EUR;2100000;2100000;04/02/2025;04/08/2025;PC1000_0005;GRUPADO METALOGALVA 2023 - 5ª Emissão;PTI005JM0048;1310000;METALOGALVA - IRMAOS SILVA, S.A.//;2139488.17;31/01/2025;3.74;2139488.17;4799.67;PC1000;7102;500363790;"	";Taxa Variável;3.74;1.15;EURIBOR6M0;2.59;2100280005;113;EMP
