CÓDIGO PROGRAMA;NOME PROGRAMA;AGENTE;AGENCY;MOEDA;MONTANTE;MONT. DISPONÍVEL;DATA INÍCIO;DATA FIM;DATA BREAK CLAUSE;DATA DENUNCIA;SPREAD;COMISSÃO AGENTE;PERIOCIDADE AGENTE;BASE CALCULO AGENTE;B.C. GARANTIA SUBS;COMISSÃO GARANTIA SUBS;PERIOCIDADE GARANTIA SUBS;BEI;CONVENANTS;ESTADO;Nº EMISSÕES VIVAS;Nº ALTERAÇÕES;TIPO TAXA;METODO COLOCACAO;TOMADA FIRME;INDICADOR INCLUIDO NO RELATORIO;INDICADOR INSC. INTERBOLSA;FUNDING BEI;LEI APLICAVEL
PC0003;AMORIM HOLDING II 2008;BANCO SANTANDER TOTTA;9411;EUR;20000000;0;19/02/2008;19/05/2025;;;0.45;0.025;Trimestral;Act/360;Act/360;0.225;Trimestral;Não;Sim;Validado BO;1;11;Taxa Variável;Colocacao directa da emissao;Sim;Sim;Nao;;PRT
PC0046;GRUPADO AUTO-SUECO (COIMBRA);BANCO SANTANDER TOTTA;7102;EUR;5000000;5000000;20/02/2012;20/02/2026;20/02/2026;06/01/2026;0.7;0.25;Anual;30/360;30/360;0.5;Anual;Não;Não;Validado BO;0;12;Taxa Variável;Colocacao directa da emissao;Sim;Sim;Nao;;PRT
PC0064;GRUPADO ENDUTEX;BANCO SANTANDER TOTTA;6246;EUR;13500000;6500000;03/08/2005;03/08/2027;04/08/2025;05/07/2025;0.65;0.05;Anual;Act/360;Act/360;0.1;Anual;Não;Não;Validado BO;2;10;Taxa Variável;Colocacao directa da emissao;Sim;Sim;Nao;;PRT
PC0068;GRUPADO GRAN CRUZ;BANCO SANTANDER TOTTA;7102;EUR;15000000;0;15/05/2009;15/05/2029;15/05/2025;15/04/2025;0.75;0.05;Semestral;Act/360;Act/360;0.2;Semestral;Não;Não;Validado BO;3;11;Taxa Variável;Colocacao directa da emissao;Sim;Sim;Nao;;PRT
PC0090;GRUPADO TAYLORS 2008;BANCO SANTANDER TOTTA;7102;EUR;2000000;2000000;08/05/2008;07/08/2025;07/08/2025;23/06/2025;0.5;0.15;Semestral;Act/360;Act/360;0.25;Semestral;Não;Não;Validado BO;0;12;Taxa Variável;Colocacao directa da emissao;Sim;Sim;Nao;;PRT
PC0109;J. SOARES CORREIA;BANCO SANTANDER TOTTA;6581;EUR;700000;0;01/08/2005;02/02/2026;;;1.33;0.1;Semestral;Act/360;Act/360;0.15;Semestral;Não;Não;Validado BO;1;11;Taxa Fixa;Colocacao directa da emissao;Sim;Sim;Nao;;PRT
PC0121;MALTIBÉRICA;BANCO SANTANDER TOTTA;7102;EUR;1500000;1500000;06/07/2009;06/07/2026;06/07/2025;06/06/2025;0.8;0.1;Anual;Act/360;Act/360;0.3;Anual;Não;Não;Validado BO;0;12;Taxa Variável;Colocacao directa da emissao;Sim;Sim;Nao;;PRT
PC0122;MANOEL POÇAS JR;BANCO SANTANDER TOTTA;6581;EUR;350000;0;13/12/2006;14/09/2026;13/03/2025;11/02/2025;1.5;0.1;Trimestral;Act/360;Act/360;0.4;Trimestral;Não;Não;Validado BO;1;12;Taxa Variável;Colocacao directa da emissao;Sim;Sim;Nao;;PRT
PC0136;REN SGPS 2008 I;BANCO SANTANDER TOTTA;9411;EUR;125000000;0;28/04/2008;28/04/2026;;;1.09;0.025;Anual;Act/360;Act/360;0.225;Anual;Não;Não;Validado BO;1;13;Taxa Fixa;Colocacao directa da emissao;Sim;Sim;Nao;;PRT
PC0138;SALVOR;BANCO SANTANDER TOTTA;9411;EUR;3000000;3000000;15/07/2008;15/07/2025;;;1.5;0.05;Semestral;30/360;30/360;1.45;Semestral;Não;Não;Validado BO;0;8;Taxa Variável;Colocacao directa da emissao;Sim;Sim;Nao;;PRT
PC0140;SANINDUSA 2010;BANCO SANTANDER TOTTA;6245;EUR;1600000;0;01/06/2010;24/03/2026;24/03/2026;22/02/2026;1.075;0.075;Semestral;Act/360;Act/360;0.2;Semestral;Não;Não;Validado BO;1;16;Taxa Variável;Colocacao directa da emissao;Sim;Sim;Nao;;PRT
PC0146;SONAE INVESTIMENTOS (exCARREFOUR);BANCO SANTANDER TOTTA;9411;EUR;30000000;30000000;20/07/2007;01/09/2025;;;0.35;0.01;Semestral;Act/360;Act/360;0.29;Semestral;Não;Não;Validado BO;0;14;Taxa Variável;Colocacao directa da emissao;Sim;Sim;Nao;;PRT
PC0163;CAETANO BAVIERA;BANCO SANTANDER TOTTA;7102;EUR;2500000;2500000;27/12/2012;08/03/2027;;;0.8;0.1;Semestral;Act/360;Act/360;0.75;Semestral;Não;Sim;Validado BO;0;12;Taxa Variável;Colocacao directa da emissao;Sim;Sim;Nao;;PRT
PC0174;NAVIGATOR COMPANY 2012;BANCO SANTANDER TOTTA;9411;EUR;35000000;0;26/11/2012;20/02/2026;;;1.07;0.025;Semestral;Act/360;Act/360;0.325;Semestral;Não;Sim;Validado BO;1;3;Taxa Fixa;Colocacao directa da emissao;Sim;Sim;Nao;;PRT
PC0274;FERREIRA CONSTRUÇÃO,SA;BANCO SANTANDER TOTTA;6581;EUR;4500000;0;26/06/2014;13/10/2027;13/10/2025;13/09/2025;0.85;0.125;Semestral;Act/360;Act/360;0.125;Semestral;Não;Não;Validado BO;1;6;Taxa Variável;Colocacao directa da emissao;Sim;Sim;Nao;;PRT
PC0281;GRUPADO EDP 2014;BANCO SANTANDER TOTTA;9411;USD;250000000;0;16/07/2014;02/01/2030;;;1.4;;;;;;;Não;Não;Validado BO;1;5;Taxa Fixa;Colocacao directa da emissao;Sim;Sim;Nao;;PRT
PC0282;GALP ENERGIA 2014;BANCO SANTANDER TOTTA;9411;EUR;150000000;0;28/07/2014;07/01/2030;;;0.45;0.025;Semestral;Act/360;Act/360;0.225;Semestral;Não;Não;Validado BO;1;4;Taxa Variável;Colocacao directa da emissao;Sim;Sim;Sim;;PRT
PC0286;LABORATÓRIOS MEDINFAR, SA JULHO 2014;BANCO SANTANDER TOTTA;6704;EUR;2000000;2000000;09/07/2014;09/07/2025;;;0.95;0.25;Trimestral;Act/360;Act/360;0.25;Trimestral;Não;Não;Validado BO;0;13;Taxa Variável;Colocacao directa da emissao;Sim;Sim;Nao;;PRT
PC0308;GRUPADO VNC;BANCO SANTANDER TOTTA;6246;EUR;5000000;0;15/10/2014;15/10/2026;15/04/2025;16/03/2025;0.6;0.125;Semestral;Act/360;Act/360;0.125;Semestral;Não;Não;Validado BO;2;13;Taxa Variável;Colocacao directa da emissao;Sim;Sim;Nao;;PRT
PC0328;GRUPADO GE SOJA;BANCO SANTANDER TOTTA;6239;EUR;3500000;3500000;28/11/2014;28/01/2027;28/01/2026;29/12/2025;1.25;0.1;Semestral;Act/360;Act/360;0.25;Semestral;Não;Não;Validado BO;0;14;Taxa Variável;Colocacao directa da emissao;Sim;Sim;Nao;;PRT
PC0333;GRUPADO AMOREIRAS CENTER 2015;BANCO SANTANDER TOTTA;7103;EUR;30000000;30000000;15/01/2015;17/01/2028;15/07/2025;15/06/2025;0.25;0.025;Trimestral;Act/360;Act/360;0.325;Trimestral;Não;Sim;Validado BO;0;12;Taxa Variável;Colocacao directa da emissao;Sim;Sim;Nao;;PRT
PC0359;GRUPADO SOGRAPE 2015 EX BST LONDRES;BANCO SANTANDER TOTTA;7102;EUR;25000000;0;30/03/2015;27/07/2026;;;0.6;0.05;Semestral;Act/360;Act/360;0.1;Semestral;Não;Não;Validado BO;2;7;Taxa Variável;Colocacao directa da emissao;Sim;Sim;Nao;;PRT
PC0367;ESPORÃO SA;BANCO SANTANDER TOTTA;6208;EUR;5500000;5500000;22/05/2015;22/05/2025;;;0.7;0.1;Trimestral;Act/360;Act/360;0.1;Trimestral;Não;Não;Validado BO;0;6;Taxa Variável;Colocacao directa da emissao;Sim;Sim;Nao;;PRT
PC0375;A.R. DIAS – CORTICAS SA;BANCO SANTANDER TOTTA;6245;EUR;50000;50000;17/06/2015;19/06/2025;19/06/2025;20/05/2025;1.5;0.05;Semestral;Act/360;Act/360;0.45;Semestral;Não;Não;Validado BO;0;4;Taxa Variável;Colocacao directa da emissao;Sim;Sim;Nao;;PRT
PC0383;GRUPADO SANTOGAL 2015 II;BANCO SANTANDER TOTTA;7103;EUR;8000000;0;30/06/2015;30/06/2026;;;0.3;0.05;Trimestral;Act/360;Act/360;0.35;Trimestral;Não;Não;Validado BO;1;6;Taxa Variável;Colocacao directa da emissao;Sim;Sim;Nao;;PRT
PC0396;NOS - SGPS, SETEMBRO 2015;BANCO SANTANDER TOTTA;9411;EUR;100000000;0;10/09/2015;27/03/2025;;;1.16;;;;Act/360;0.4;Anual;Não;Sim;Validado BO;1;2;Taxa Fixa;Colocacao directa da emissao;Sim;Sim;Nao;;PRT
PC0403;GRUPADO GE TROFA SAUDE;BANCO SANTANDER TOTTA;6246;EUR;5000000;5000000;09/10/2015;09/10/2026;09/04/2025;10/03/2025;0.7;0.125;Semestral;Act/360;Act/360;0.125;Semestral;Não;Não;Validado BO;0;10;Taxa Variável;Colocacao directa da emissao;Sim;Sim;Nao;;PRT
PC0446;GRUPADO UNICER 2016;BANCO SANTANDER TOTTA;7102;EUR;15000000;15000000;30/05/2016;17/05/2027;;;0.9;0.2;Semestral;Act/360;Act/360;0.2;Semestral;Não;Não;Validado BO;0;4;Taxa Variável;Colocacao directa da emissao;Sim;Sim;Nao;;PRT
PC0466;SONAE SGPS 2016;BANCO SANTANDER TOTTA;9411;EUR;10000000;10000000;29/08/2016;29/08/2025;;;0.35;0.01;Semestral;Act/360;Act/360;0.29;Semestral;Não;Sim;Validado BO;0;4;Taxa Variável;Colocacao directa da emissao;Sim;Sim;Sim;;PRT
PC0481;GRUPADO JERÓNIMO MARTINS 2016;BANCO SANTANDER TOTTA;9411;EUR;30000000;0;02/05/2016;30/06/2025;;;0.4;;;;;;;Não;Não;Validado BO;1;1;Taxa Variável;Colocacao directa da emissao;Sim;Sim;Nao;;PRT
PC0506;GRUPADO TOYOTA CAETANO 2017;BANCO SANTANDER TOTTA;7102;EUR;2000000;2000000;27/02/2017;27/02/2026;;;1.25;0.15;Semestral;Act/360;Act/360;0.6;Semestral;Não;Sim;Validado BO;0;6;Taxa Variável;Colocacao directa da emissao;Sim;Sim;Nao;;PRT
PC0518;NOS SGPS I - 2017;BANCO SANTANDER TOTTA;9411;EUR;37500000;0;05/06/2017;31/01/2028;;;0.7;0.05;Semestral;Act/360;Act/360;0.3;Semestral;Não;Não;Validado BO;1;1;Taxa Variável;Colocacao directa da emissao;Sim;Sim;Nao;;PRT
PC0519;NOS SGPS II - 2017;BANCO SANTANDER TOTTA;9411;EUR;12500000;12500000;05/06/2017;31/01/2028;;;0.7;0.05;Semestral;Act/360;Act/360;0.3;Semestral;Não;Não;Validado BO;0;0;Taxa Variável;Colocacao directa da emissao;Sim;Sim;Nao;;PRT
PC0530;GRUPADO ARIÉ 2017;BANCO SANTANDER TOTTA;7103;EUR;5000000;0;30/05/2017;30/05/2025;30/05/2025;31/03/2025;0.8;0.05;Trimestral;Act/360;Act/360;0.65;Trimestral;Não;Não;Validado BO;1;7;Taxa Variável;Colocacao directa da emissao;Sim;Sim;Nao;;PRT
PC0546;HOVIONE 2017;BANCO SANTANDER TOTTA;7103;EUR;50000000;12045000;14/11/2017;29/03/2029;;;0.69;0.1;Anual;Act/360;Act/360;0.45;Anual;Não;Não;Validado BO;2;5;Taxa Variável;Colocacao directa da emissao;Sim;Sim;Nao;;PRT
PC0550;GRUPADO ARIE;BANCO SANTANDER TOTTA;7103;EUR;8000000;6500000;30/11/2017;01/12/2025;01/12/2025;02/10/2025;1;0.05;Trimestral;Act/360;Act/360;0.2;Trimestral;Não;Não;Validado BO;1;10;Taxa Variável;Colocacao directa da emissao;Sim;Sim;Nao;;PRT
PC0563;TÊXTEIS J.F.ALMEIDA, SA - 2018;BANCO SANTANDER TOTTA;6584;EUR;100000;0;09/02/2018;17/03/2025;;;0.85;0.05;Trimestral;Act/360;Act/360;0.1;Trimestral;Não;Não;Validado BO;1;1;Taxa Fixa;Colocacao directa da emissao;Sim;Sim;Nao;;PRT
PC0614;BAPOP051 – GRUPADO PALBIT 2017;BANCO SANTANDER TOTTA;6245;EUR;1000000;0;13/04/2017;24/02/2027;;;0.95;0.05;Semestral;Act/360;Act/360;0.35;Semestral;Não;Não;Validado BO;1;4;Taxa Variável;Colocacao directa da emissao;Sim;Sim;Nao;;PRT
PC0635;BAPOP072 - Grupado Ascendum;BANCO SANTANDER TOTTA;7102;EUR;10000000;0;28/10/2013;28/10/2026;28/10/2025;28/09/2025;0.75;;;;Act/360;0.25;Anual;Não;Não;Validado BO;3;3;Taxa Variável;Colocacao directa da emissao;Sim;Sim;Nao;;PRT
PC0670;BAPOP107 - Grupado Pecol;BANCO SANTANDER TOTTA;6245;EUR;3000000;3000000;05/09/2017;05/09/2025;05/09/2025;06/08/2025;0.85;0.05;Semestral;Act/360;Act/360;0.35;Semestral;Não;Não;Validado BO;0;10;Taxa Variável;Colocacao directa da emissao;Sim;Sim;Nao;;PRT
PC0723;GRUPADO GE TROFA SAUDE 2019;BANCO SANTANDER TOTTA;6246;EUR;4000000;4000000;21/01/2019;07/11/2029;;;0.7;0.05;Semestral;Act/360;Act/360;0.2;Semestral;Não;Não;Validado BO;0;2;Taxa Variável;Colocacao directa da emissao;Sim;Sim;Nao;;PRT
PC0735;COFICAB 2019;BANCO SANTANDER TOTTA;6247;EUR;11500000;11500000;25/03/2019;10/01/2028;11/01/2027;12/12/2026;0.7;0.05;Semestral;Act/360;Act/360;0.1;Semestral;Não;Não;Validado BO;0;5;Taxa Variável;Colocacao directa da emissao;Sim;Sim;Nao;;PRT
PC0750;C.SANTOS - VEICULO E PEÇAS,SA - 2019;BANCO SANTANDER TOTTA;6581;EUR;100000;100000;15/05/2019;15/05/2025;15/05/2025;15/04/2025;1.05;0.1;Trimestral;Act/360;Act/360;0.4;Trimestral;Não;Não;Validado BO;0;1;Taxa Fixa;Colocacao directa da emissao;Sim;Sim;Nao;;PRT
PC0753;JB MAGIC - 2019;BANCO SANTANDER TOTTA;5236;EUR;250000;0;24/06/2019;24/06/2026;24/12/2025;24/11/2025;0.75;0.1;Semestral;Act/360;Act/360;0.1;Semestral;Não;Não;Validado BO;1;0;Taxa Variável;Colocacao directa da emissao;Sim;Sim;Nao;;PRT
PC0755;GRUPADO THE FLADGATE PARTNERSHIP VINHOS - 2019;BANCO SANTANDER TOTTA;7102;EUR;18000000;0;28/06/2019;28/06/2030;;;1.1;0.05;Semestral;Act/360;Act/360;0.45;Semestral;Não;Não;Validado BO;1;2;Taxa Variável;Colocacao directa da emissao;Sim;Sim;Nao;;PRT
PC0765;GRUPADO ALTRI 2019;BANCO SANTANDER TOTTA;7102;EUR;70000000;0;30/08/2019;30/08/2027;;;0.7;0.025;Semestral;Act/360;Act/360;0.025;Semestral;Não;Não;Validado BO;3;0;Taxa Variável;Colocacao directa da emissao;Sim;Sim;Nao;;PRT
PC0783;GRUPADO PROEF - DEZEMBRO 2019;BANCO SANTANDER TOTTA;6210;EUR;3000000;1150000;12/12/2019;22/11/2029;22/11/2025;23/10/2025;0.85;0.1;Trimestral;Act/360;Act/360;0.1;Trimestral;Não;Não;Validado BO;4;5;Taxa Variável;Colocacao directa da emissao;Sim;Sim;Nao;;PRT
PC0796;BRISA CONCESSÃO III;BANCO SANTANDER TOTTA;9411;EUR;65000000;0;26/03/2021;30/12/2026;;;0.869;;;;;;;Não;Não;Validado BO;1;0;Taxa Fixa;Colocacao directa da emissao;Sim;Sim;Sim;;PRT
PC0803;GRUPADO GLOBALVALOS - 2020;BANCO SANTANDER TOTTA;6226;EUR;100000;0;16/03/2020;17/03/2025;17/03/2025;15/02/2025;0.7;0.05;Semestral;Act/360;Act/360;0.2;Semestral;Não;Não;Validado BO;1;0;Taxa Variável;Colocacao directa da emissao;Sim;Sim;Nao;;PRT
PC0804;J.O.M. - 2020;BANCO SANTANDER TOTTA;6246;EUR;100000;0;17/03/2020;17/03/2025;;;0.75;0.05;Trimestral;Act/360;Act/360;0.05;Trimestral;Não;Não;Validado BO;1;0;Taxa Fixa;Colocacao directa da emissao;Sim;Sim;Nao;;PRT
PC0806;GRUPADO - JPM 2020;BANCO SANTANDER TOTTA;6226;EUR;400000;0;24/03/2020;24/03/2025;24/03/2025;22/02/2025;0.75;0.1;Anual;Act/360;Act/360;0.15;Anual;Não;Não;Validado BO;1;0;Taxa Variável;Colocacao directa da emissao;Sim;Sim;Nao;;PRT
PC0811;HERBRAND SA - 2020;BANCO SANTANDER TOTTA;6246;EUR;50000;0;31/03/2020;31/03/2025;;;0.8;0.05;Trimestral;Act/360;Act/360;0.1;Trimestral;Não;Não;Validado BO;1;0;Taxa Fixa;Colocacao directa da emissao;Sim;Sim;Nao;;PRT
PC0812;TEXTEIS CAES DE PEDRA SA - 2020;BANCO SANTANDER TOTTA;6246;EUR;50000;0;31/03/2020;31/03/2025;;;0.8;0.05;Trimestral;Act/360;Act/360;0.1;Trimestral;Não;Não;Validado BO;1;0;Taxa Fixa;Colocacao directa da emissao;Sim;Sim;Nao;;PRT
PC0816;HELIROMA - 2020;BANCO SANTANDER TOTTA;6581;EUR;100000;0;30/03/2020;31/03/2025;;;0.85;0.05;Anual;Act/360;Act/360;0.1;Anual;Não;Não;Validado BO;1;0;Taxa Variável;Colocacao directa da emissao;Sim;Sim;Nao;;PRT
PC0824;SONAE SGPS 2020;BANCO SANTANDER TOTTA;9411;EUR;75000000;22500000;15/05/2020;23/12/2027;;;0.83;0.025;Semestral;Act/360;Act/360;0.375;Semestral;Não;Não;Validado BO;1;2;Taxa Variável;Colocacao directa da emissao;Sim;Sim;Sim;;PRT
PC0828;GRUPADO EDP 2020;BANCO SANTANDER TOTTA;9411;USD;112500000;0;26/06/2020;02/01/2030;;;1.07;;;;;;;Não;Não;Validado BO;1;1;Taxa Fixa;Colocacao directa da emissao;Sim;Sim;Nao;;PRT
PC0829;DTX GRUPO, S.A. - 2020;BANCO SANTANDER TOTTA;6707;EUR;750000;0;31/07/2020;30/06/2025;30/06/2025;31/05/2025;0.6;;;;;;;Não;Não;Validado BO;1;0;Taxa Variável;Colocacao directa da emissao;Sim;Sim;Nao;;PRT
PC0831;INDASA 2020;BANCO SANTANDER TOTTA;6245;EUR;3000000;3000000;05/08/2020;05/08/2025;;;0.7;0.025;Anual;Act/360;Act/360;0.025;Anual;Não;Não;Validado BO;0;0;Taxa Variável;Colocacao directa da emissao;Sim;Sim;Nao;;PRT
PC0833;LAMEIRINHO 2020;BANCO SANTANDER TOTTA;6246;EUR;400000;30015;21/09/2020;22/09/2025;;;0.575;0.05;Semestral;Act/360;Act/360;0.05;Semestral;Não;Não;Validado BO;1;0;Taxa Variável;Colocacao directa da emissao;Sim;Sim;Nao;;PRT
PC0834;METALMARINHA 2020;BANCO SANTANDER TOTTA;6594;EUR;1000000;1000000;29/09/2020;29/09/2026;29/09/2025;30/08/2025;1;0.05;Anual;Act/360;Act/360;0.08;Anual;Não;Não;Validado BO;0;1;Taxa Variável;Colocacao directa da emissao;Sim;Sim;Nao;;PRT
PC0835;POLIVOUGA 2020;BANCO SANTANDER TOTTA;6245;EUR;8250000;0;24/09/2020;24/09/2027;;;0.85;0.1;Semestral;Act/360;Act/360;0.15;Semestral;Não;Não;Validado BO;4;0;Taxa Fixa;Colocacao directa da emissao;Sim;Sim;Nao;;PRT
PC0838;DESTILARIA LEVIRA LDA - OUTUBRO 2020;BANCO SANTANDER TOTTA;6586;EUR;300000;0;02/11/2020;03/11/2025;;;1;0.05;Trimestral;Act/360;Act/360;0.075;Trimestral;Não;Não;Validado BO;1;0;Taxa Fixa;Colocacao directa da emissao;Sim;Sim;Nao;;PRT
PC0842;GRUPADO MARTINIQUAISE - 2020;BANCO SANTANDER TOTTA;7102;EUR;17000000;0;27/10/2020;27/10/2028;27/10/2025;27/09/2025;1;2527.78;Upfront;Act/360;Act/360;10111.11;Upfront;Não;Não;Validado BO;2;1;Taxa Variável;Colocacao directa da emissao;Sim;Sim;Nao;;PRT
PC0843;GRUPADO FERBAR - 2020;BANCO SANTANDER TOTTA;6210;EUR;50000;0;26/11/2020;26/05/2025;;;0.9;0.05;Trimestral;Act/360;Act/360;0.05;Trimestral;Não;Não;Validado BO;1;1;Taxa Fixa;Colocacao directa da emissao;Sim;Sim;Nao;;PRT
PC0850;ENDIPREV GROUP,SA - FEV 2021;BANCO SANTANDER TOTTA;6247;EUR;200000;0;23/02/2021;23/02/2026;;;0.75;0.05;Trimestral;Act/360;Act/360;0.15;Trimestral;Não;Não;Validado BO;1;0;Taxa Fixa;Colocacao directa da emissao;Sim;Sim;Nao;;PRT
PC0851;TRIPERU - FEV 2021;BANCO SANTANDER TOTTA;6594;EUR;600000;0;19/02/2021;19/02/2026;19/02/2026;20/01/2026;0.6;0.05;Anual;Act/360;Act/360;0.1;Anual;Não;Não;Validado BO;1;0;Taxa Fixa;Colocacao directa da emissao;Sim;Nao;Nao;;PRT
PC0852;GRUPADO TARHOL - 2021;BANCO SANTANDER TOTTA;6581;EUR;2000000;0;26/03/2021;26/03/2026;;;0.95;0.05;Semestral;Act/360;Act/360;0.2;Semestral;Não;Não;Validado BO;1;0;Taxa Fixa;Colocacao directa da emissao;Sim;Sim;Nao;;PRT
PC0853;GRUPADO TOYOTA CAETANO 2017 - II TF;BANCO SANTANDER TOTTA;7102;EUR;10000000;0;23/04/2021;27/02/2026;;;1.25;0.15;Semestral;Act/360;Act/360;0.6;Semestral;Não;Não;Validado BO;1;0;Taxa Fixa;Colocacao directa da emissao;Sim;Sim;Nao;;PRT
PC0855;GRUPADO BIAL - 2021;BANCO SANTANDER TOTTA;7102;EUR;5000000;0;07/05/2021;07/05/2025;;;1;0.15;Semestral;Act/360;Act/360;0.1;Semestral;Não;Não;Validado BO;2;0;Taxa Fixa;Colocacao directa da emissao;Sim;Sim;Nao;;PRT
PC0856;GRUPADO VIOLAS - 2021;BANCO SANTANDER TOTTA;7102;EUR;5500000;0;12/05/2021;12/05/2026;12/05/2025;12/04/2025;1.25;0.35;Semestral;Act/360;Act/360;0.4;Semestral;Não;Não;Validado BO;2;0;Taxa Fixa;Colocacao directa da emissao;Sim;Sim;Nao;;PRT
PC0858;GRUPADO MEDIA CAPITAL - 2021;BANCO BPI S.A.;7102;EUR;12187500;12187500;31/05/2021;31/05/2027;;;2.5;;;;30/360;0.5;Trimestral;Não;Não;Validado BO;0;2;Taxa Variável;Colocacao directa da emissao;Sim;Sim;Nao;;PRT
PC0860;Grupado CIMPOR 2021;BANCO SANTANDER TOTTA;9405;EUR;10000000;0;15/06/2021;16/06/2025;;;1.52;0.05;Anual;Act/360;Act/360;0.1;Anual;Não;Não;Validado BO;1;0;Taxa Fixa;Colocacao directa da emissao;Sim;Nao;Nao;;PRT
PC0861;Grupado MOAGEM CERES GE 1 MM;BANCO SANTANDER TOTTA;6581;EUR;150000;0;18/06/2021;18/06/2025;;;0.95;0.05;Trimestral;Act/360;Act/360;0.2;Trimestral;Não;Não;Validado BO;1;0;Taxa Fixa;Colocacao directa da emissao;Sim;Nao;Nao;;PRT
PC0862;QUINTA DA LIXA SOC AGRÍCOLA 1,5 M 2021;BANCO SANTANDER TOTTA;6228;EUR;450000;0;22/06/2021;22/06/2026;;;0.75;0.025;Trimestral;Act/360;Act/360;0.075;Trimestral;Não;Não;Validado BO;1;0;Taxa Fixa;Colocacao directa da emissao;Sim;Nao;Nao;;PRT
PC0865;GREENVOLT - ENERGIAS RENOVÁVEIS, S.A;BANCO SANTANDER TOTTA;7102;EUR;20000000;0;25/06/2021;25/06/2026;;;1.25;0.1;Anual;Act/360;Act/360;0.15;Anual;Não;Não;Validado BO;1;1;Taxa Fixa;Colocacao directa da emissao;Sim;Nao;Nao;;PRT
PC0866;ASCENDUM I - 2021;BANCO SANTANDER TOTTA;7102;EUR;2900000;2900000;07/09/2021;07/09/2026;07/09/2025;08/08/2025;0.6;0.15;Semestral;Act/360;Act/360;0.15;Semestral;Não;Não;Validado BO;0;0;Taxa Fixa;Colocacao directa da emissao;Sim;Sim;Nao;;PRT
PC0867;ASCENDUM II - 2021;BANCO SANTANDER TOTTA;7102;EUR;2600000;2600000;07/09/2021;07/09/2026;07/09/2025;08/08/2025;0.6;0.15;Semestral;Act/360;Act/360;0.15;Semestral;Não;Não;Validado BO;0;0;Taxa Variável;Colocacao directa da emissao;Sim;Sim;Nao;;PRT
PC0868;GRUPADO DISA - 2021;BANCO SANTANDER TOTTA;;EUR;5000000;0;28/07/2021;28/07/2027;;;1.4;0.05;Trimestral;Act/360;Act/360;0.05;Trimestral;Não;Não;Validado BO;1;0;Taxa Variável;Colocacao directa da emissao;Sim;Sim;Nao;;PRT
PC0869;Grupado Portianga e S. C. Auto Africa 9M-2021;BANCO SANTANDER TOTTA;7102;EUR;2700000;0;23/07/2021;23/07/2026;;;1.75;0.55;Semestral;Act/360;Act/360;0.2;Semestral;Não;Não;Validado BO;1;0;Taxa Variável;Colocacao directa da emissao;Sim;Sim;Nao;;PRT
PC0871;TEAK CAPITAL,SA - 2021;BANCO SANTANDER TOTTA;7102;EUR;15000000;15000000;10/09/2021;10/09/2025;;;0.5;;;;;;;Não;Não;Validado BO;0;1;Taxa Variável;Colocacao directa da emissao;Sim;Sim;Nao;;PRT
PC0872;GRUPADO JOAQUIM CHAVES - 2021;BANCO SANTANDER TOTTA;6208;EUR;2000000;0;13/09/2021;13/12/2027;13/06/2025;14/05/2025;1.25;0.15;Semestral;Act/360;Act/360;0.6;Semestral;Não;Não;Validado BO;1;4;Taxa Variável;Colocacao directa da emissao;Sim;Sim;Nao;;PRT
PC0874;PETROTEC - 2021;BANCO SANTANDER TOTTA;6246;EUR;200000;0;27/09/2021;29/09/2025;;;1.3;0.2;Trimestral;Act/360;Act/360;0.2;Trimestral;Não;Não;Validado BO;1;0;Taxa Fixa;Colocacao directa da emissao;Sim;Sim;Nao;;PRT
PC0875;RENOVA - 2021;BANCO SANTANDER TOTTA;6239;EUR;5000000;0;06/10/2021;06/10/2026;;;0.55;0.025;Semestral;Act/360;Act/360;0.025;Semestral;Não;Não;Validado BO;1;0;Taxa Fixa;Colocacao directa da emissao;Sim;Sim;Nao;;PRT
PC0876;RAÇÕES ZEZERE 2021 - 2M;BANCO SANTANDER TOTTA;6586;EUR;900000;0;15/10/2021;15/10/2026;;;0.75;0.02;Trimestral;Act/360;Act/360;0.03;Trimestral;Não;Não;Validado BO;1;0;Taxa Fixa;Colocacao directa da emissao;Sim;Nao;Nao;;PRT
PC0879;ROZES SA 2021;BANCO SANTANDER TOTTA;6581;EUR;200000;0;27/10/2021;27/10/2025;;;1.2;0.05;Trimestral;Act/360;Act/360;0.1;Trimestral;Não;Não;Validado BO;1;0;Taxa Fixa;Colocacao directa da emissao;Sim;Nao;Nao;;PRT
PC0880;GRUPADO FERPINTA 2021;BANCO SANTANDER TOTTA;6226;EUR;800000;0;27/10/2021;27/10/2026;;;0.75;0.05;Anual;Act/360;Act/360;0.2;Anual;Não;Não;Validado BO;1;0;Taxa Fixa;Colocacao directa da emissao;Sim;Sim;Nao;;PRT
PC0881;IBEROPINAR 2021;BANCO SANTANDER TOTTA;6594;EUR;800000;0;29/10/2021;29/10/2026;29/10/2025;29/09/2025;1.25;0.05;Semestral;Act/360;Act/360;0.45;Semestral;Não;Não;Validado BO;1;0;Taxa Fixa;Colocacao directa da emissao;Sim;Nao;Nao;;PRT
PC0882;ROCIM - AGROINDUSTRIA, LDA 2021;BANCO SANTANDER TOTTA;6594;EUR;100000;0;27/10/2021;27/10/2026;27/10/2025;27/09/2025;1.1;0.05;Anual;Act/360;Act/360;0.1;Anual;Não;Não;Validado BO;1;0;Taxa Variável;Colocacao directa da emissao;Sim;Nao;Nao;;PRT
PC0883;ZEZEROVO 2021;BANCO SANTANDER TOTTA;6586;EUR;450000;0;04/11/2021;04/11/2026;;;0.75;0.02;Trimestral;Act/360;Act/360;0.03;Trimestral;Não;Não;Validado BO;1;0;Taxa Fixa;Colocacao directa da emissao;Sim;Nao;Nao;;PRT
PC0885;JMR & FILHOS - 2021;BANCO SANTANDER TOTTA;6246;EUR;200000;0;12/11/2021;12/11/2025;12/11/2025;13/10/2025;1.6;0.1;Trimestral;Act/360;Act/360;0.25;Trimestral;Não;Não;Validado BO;3;0;Taxa Fixa;Colocacao directa da emissao;Sim;Nao;Nao;;PRT
PC0886;ATPS 2021;BANCO SANTANDER TOTTA;7102;EUR;4300000;0;12/11/2021;11/11/2026;;;1.95;0.05;Semestral;Act/360;Act/360;0.4;Semestral;Não;Não;Validado BO;1;0;Taxa Fixa;Colocacao directa da emissao;Sim;Nao;Nao;;PRT
PC0887;MADE BETTER,LDA - 2021;BANCO SANTANDER TOTTA;6594;EUR;3600000;0;18/11/2021;19/11/2029;18/11/2026;19/10/2026;0.45;0.05;Trimestral;Act/360;Act/360;0.1;Trimestral;Não;Não;Validado BO;1;0;Taxa Fixa;Colocacao directa da emissao;Sim;Nao;Nao;;PRT
PC0889;CUDELL - DEZEMBRO 2021;BANCO SANTANDER TOTTA;6581;EUR;300000;300000;06/12/2021;09/12/2025;;;1.1;0.05;Trimestral;Act/360;Act/360;0.1;Trimestral;Não;Não;Validado BO;0;0;Taxa Fixa;Colocacao directa da emissao;Sim;Sim;Nao;;PRT
PC0893;Suma 2021;BANCO SANTANDER TOTTA;9411;EUR;3000000;0;17/12/2021;17/12/2025;17/12/2025;02/12/2025;1.5;0.01;Anual;Act/360;Act/360;1.49;Anual;Não;Não;Validado BO;1;1;Taxa Variável;Colocacao directa da emissao;Sim;Nao;Nao;;PRT
PC0894;GRUPADO IBERSOL - DEZ 2021;BANCO SANTANDER TOTTA;7102;EUR;2500000;0;28/12/2021;15/07/2025;;;1.5;0.05;Semestral;Act/360;Act/360;0.25;Semestral;Não;Não;Validado BO;1;1;Taxa Fixa;Colocacao directa da emissao;Sim;Sim;Nao;;PRT
PC0895;GRUPADO ETE - DEZ 2021;BANCO SANTANDER TOTTA;7103;EUR;1500000;0;22/12/2021;22/12/2025;;;0.85;0.15;Trimestral;Act/360;Act/360;0.6;Trimestral;Não;Não;Validado BO;1;2;Taxa Variável;Colocacao directa da emissao;Sim;Sim;Nao;;PRT
PC0897;PINTOGAL - JAN 2022;BANCO SANTANDER TOTTA;6594;EUR;11700000;0;17/01/2022;15/01/2032;15/01/2026;16/12/2025;0.65;0.05;Trimestral;Act/360;Act/360;0.1;Trimestral;Não;Não;Validado BO;1;0;Taxa Fixa;Colocacao directa da emissao;Sim;Sim;Nao;;PRT
PC0898;IMPETUS - JAN 2022;BANCO SANTANDER TOTTA;6707;EUR;400000;0;03/01/2022;05/01/2026;;;0.8;0.05;Trimestral;Act/360;Act/360;0.05;Trimestral;Não;Não;Validado BO;1;0;Taxa Fixa;Colocacao directa da emissao;Sim;Sim;Nao;;PRT
PC0900;GRUPADO DEROVO - JAN 2022;BANCO SANTANDER TOTTA;6594;EUR;250000;0;10/01/2022;12/01/2026;;;0.84;0.02;Trimestral;Act/360;Act/360;0.03;Trimestral;Não;Não;Validado BO;1;0;Taxa Fixa;Colocacao directa da emissao;Sim;Sim;Nao;;PRT
PC0901;GRUPADO MISTONETOS e MISTOLIN - JAN 2022;BANCO SANTANDER TOTTA;6245;EUR;300000;0;05/01/2022;05/01/2027;07/07/2025;07/06/2025;0.85;0.25;Semestral;Act/360;Act/360;0.25;Semestral;Não;Não;Validado BO;1;0;Taxa Fixa;Colocacao directa da emissao;Sim;Sim;Nao;;PRT
PC0902;PENTAFLEX - 2022;BANCO SANTANDER TOTTA;7102;EUR;14800000;0;10/01/2022;12/01/2032;;;0.78;0.015;Semestral;Act/360;Act/360;0.035;Semestral;Não;Não;Validado BO;1;4;Taxa Fixa;Colocacao directa da emissao;Sim;Sim;Nao;;PRT
PC0904;GRUPADO MONTEIRO RIBAS - MARÇO 2022;BANCO SANTANDER TOTTA;6581;EUR;600000;0;01/03/2022;02/03/2026;;;0.7;0.05;Semestral;Act/360;Act/360;0.1;Semestral;Não;Não;Validado BO;1;0;Taxa Fixa;Colocacao directa da emissao;Sim;Sim;Nao;;PRT
PC0905;LOGISPACE - ABRIL 2022;BANCO SANTANDER TOTTA;6586;EUR;800000;0;19/04/2022;19/04/2027;;;1.28;0.05;Semestral;Act/360;Act/360;0.05;Semestral;Não;Não;Validado BO;1;0;Taxa Fixa;Colocacao directa da emissao;Sim;Sim;Nao;;PRT
PC0906;MULTIMOTO - JAN 2022;BANCO SANTANDER TOTTA;6226;EUR;2000000;1000000;24/01/2022;25/01/2027;24/01/2026;25/12/2025;0.825;0.1;Anual;Act/360;Act/360;0.15;Anual;Não;Não;Validado BO;1;0;Taxa Variável;Colocacao directa da emissao;Sim;Nao;Nao;;PRT
PC0907;MONLIZ PRODUTOS ALIMENTARES;BANCO SANTANDER TOTTA;6239;EUR;1600000;0;31/01/2022;01/02/2027;;;1.13;0.05;Trimestral;Act/360;Act/360;0.05;Trimestral;Não;Não;Validado BO;1;0;Taxa Fixa;Colocacao directa da emissao;Sim;Nao;Nao;;PRT
PC0908;GRUPADO DEROVO - FEV 2022;BANCO SANTANDER TOTTA;6594;EUR;250000;0;02/02/2022;02/02/2026;;;1.08;0.02;Trimestral;Act/360;Act/360;0.03;Trimestral;Não;Não;Validado BO;1;0;Taxa Fixa;Colocacao directa da emissao;Sim;Nao;Nao;;PRT
PC0909;NABEIROGEST 2022;BANCO SANTANDER TOTTA;6380;EUR;39000000;0;04/02/2022;04/02/2026;04/02/2026;05/01/2026;0.4;0.05;Mensal;Act/360;Act/360;0.25;Mensal;Não;Não;Validado BO;1;2;Taxa Variável;Colocacao directa da emissao;Sim;Nao;Nao;;PRT
PC0911;GRUPADO GLOBALVALOS 2022;BANCO SANTANDER TOTTA;6226;EUR;400000;0;24/02/2022;24/02/2027;;;1.3;0.05;Semestral;Act/360;Act/360;0.15;Semestral;Não;Não;Validado BO;1;0;Taxa Fixa;Colocacao directa da emissao;Sim;Nao;Nao;;PRT
PC0912;NORS 2022;BANCO SANTANDER TOTTA;7102;EUR;25000000;16500000;25/02/2022;25/02/2027;;;0.9;0.25;Anual;Act/360;Act/360;0.25;Anual;Não;Não;Validado BO;1;1;Taxa Variável;Colocacao directa da emissao;Sim;Nao;Nao;;PRT
PC0913;SONAE MC I - MARÇO 2022;BANCO SANTANDER TOTTA;9411;EUR;50000000;0;03/03/2022;04/01/2027;;;0.86;0.015;Semestral;Act/360;Act/360;0.285;Semestral;Não;Não;Validado BO;1;0;Taxa Fixa;Colocacao directa da emissao;Sim;Nao;Nao;;PRT
PC0914;SONAE MC II - MARÇO 2022;BANCO SANTANDER TOTTA;9411;EUR;25000000;25000000;03/03/2022;04/01/2027;;;0.48;0.015;Semestral;Act/360;Act/360;0.285;Semestral;Não;Não;Validado BO;0;0;Taxa Variável;Colocacao directa da emissao;Sim;Nao;Sim;;PRT
PC0916;CASA SANTOS LIMA - MARÇO 2022;BANCO SANTANDER TOTTA;6239;EUR;1200000;0;16/03/2022;16/03/2029;;;1.74;0.15;Trimestral;Act/360;Act/360;0.15;Trimestral;Não;Não;Validado BO;1;0;Taxa Fixa;Colocacao directa da emissao;Sim;Nao;Nao;;PRT
PC0918;SONAE SGPS 2014 II;BANCO SANTANDER TOTTA;9411;EUR;75000000;0;10/12/2021;10/12/2026;;;1.14;0.015;Semestral;Act/360;Act/360;0.285;Semestral;Não;Não;Validado BO;1;0;Taxa Fixa;Colocacao directa da emissao;Sim;Nao;Sim;;PRT
PC0919;GREENVOLT - ENERGIAS RENOVÁVEIS, S.A. Abril 2022;BANCO SANTANDER TOTTA;7102;EUR;30000000;0;12/04/2022;18/06/2029;17/06/2025;18/05/2025;1;0.3;Anual;Act/360;Act/360;0.15;Anual;Não;Não;Validado BO;1;2;Taxa Variável;Colocacao directa da emissao;Sim;Nao;Nao;;PRT
PC0920;GRUPADO UNICER 2016 II;BANCO SANTANDER TOTTA;7102;EUR;15000000;0;16/05/2022;17/05/2027;;;2.01;0.2;Semestral;Act/360;Act/360;0.2;Semestral;Não;Não;Validado BO;1;0;Taxa Fixa;Colocacao directa da emissao;Sim;Nao;Nao;;PRT
PC0921;GRUPADO CORK SUPPLY 2022;BANCO SANTANDER TOTTA;6226;EUR;1400000;0;23/05/2022;25/05/2026;;;0.65;0.05;Semestral;Act/360;Act/360;0.15;Semestral;Não;Não;Validado BO;1;3;Taxa Variável;Colocacao directa da emissao;Sim;Nao;Nao;;PRT
PC0922;GRUPADO TARHOL 2022;BANCO SANTANDER TOTTA;6581;EUR;750000;0;20/05/2022;20/05/2026;;;2.25;0.1;Semestral;Act/360;Act/360;0.15;Semestral;Não;Não;Validado BO;1;0;Taxa Fixa;Colocacao directa da emissao;Sim;Nao;Nao;;PRT
PC0924;LAMEIRINHO 2022;BANCO SANTANDER TOTTA;6246;EUR;2100000;185100;27/05/2022;29/05/2028;;;0.6;0.05;Semestral;Act/360;Act/360;0.05;Semestral;Não;Não;Validado BO;3;0;Taxa Variável;Colocacao directa da emissao;Sim;Nao;Nao;;PRT
PC0925;GRUPADO Becrinvest 2022;BANCO SANTANDER TOTTA;6707;EUR;2000000;400000;25/05/2022;31/01/2028;30/01/2026;31/12/2025;0.9;0.1;Trimestral;Act/360;Act/360;0.1;Trimestral;Não;Não;Validado BO;2;2;Taxa Variável;Colocacao directa da emissao;Sim;Nao;Nao;;PRT
PC0926;CARTONAGEM TRINDADE - JUNHO 2022;BANCO SANTANDER TOTTA;6226;EUR;1200000;0;20/06/2022;21/06/2027;;;1.1;0.05;Trimestral;Act/360;Act/360;0.1;Trimestral;Não;Não;Validado BO;1;0;Taxa Variável;Colocacao directa da emissao;Sim;Nao;Nao;;PRT
PC0928;BALANÇAS MARQUES JUNHO 2022;BANCO SANTANDER TOTTA;6707;EUR;350000;0;25/05/2022;25/11/2026;;;0.85;0.1;Trimestral;Act/360;Act/360;0.05;Trimestral;Não;Não;Validado BO;1;0;Taxa Variável;Colocacao directa da emissao;Sim;Nao;Nao;;PRT
PC0929;GRUPADO CEREALIS - JUNHO 2022;BANCO SANTANDER TOTTA;7102;EUR;4000000;4000000;09/06/2022;09/06/2028;;;1.1;0.05;Semestral;Act/360;Act/360;0.05;Semestral;Não;Não;Validado BO;0;0;Taxa Variável;Colocacao directa da emissao;Sim;Nao;Nao;;PRT
PC0930;GRUPADO BEBECAR 1M 2022;BANCO SANTANDER TOTTA;6226;EUR;400000;0;27/06/2022;27/04/2026;;;1.9;0.15;Trimestral;Act/360;Act/360;0.2;Trimestral;Não;Não;Validado BO;1;0;Taxa Variável;Colocacao directa da emissao;Sim;Nao;Nao;;PRT
PC0931;SEDACOR 800M 2022;BANCO SANTANDER TOTTA;6226;EUR;200000;0;27/06/2022;27/06/2025;;;1.85;0.1;Trimestral;Act/360;Act/360;0.15;Trimestral;Não;Não;Validado BO;1;0;Taxa Variável;Colocacao directa da emissao;Sim;Nao;Nao;;PRT
PC0932;GRUPADO Mcoutinho 2M – 2022;BANCO SANTANDER TOTTA;6228;EUR;2000000;2000000;06/06/2022;07/06/2027;06/06/2025;07/05/2025;1.2;0.05;Anual;Act/360;Act/360;0.1;Anual;Não;Não;Validado BO;0;0;Taxa Variável;Colocacao directa da emissao;Sim;Nao;Nao;;PRT
PC0933;TRACK PROFIT ENERGY - 2022;BANCO SANTANDER TOTTA;7102;EUR;5000000;0;29/06/2022;18/06/2029;17/06/2026;18/05/2026;1.15;0.3;Anual;Act/360;Act/360;0.15;Anual;Não;Não;Validado BO;1;1;Taxa Variável;Colocacao directa da emissao;Sim;Sim;Nao;;PRT
PC0936;MundoTextil 2022;BANCO SANTANDER TOTTA;6246;EUR;300000;0;29/07/2022;29/07/2026;;;2.8;0.1;Trimestral;Act/360;Act/360;0.4;Trimestral;Não;Não;Validado BO;1;0;Taxa Fixa;Colocacao directa da emissao;Sim;Nao;Nao;;PRT
PC0937;CIN 2022;BANCO SANTANDER TOTTA;7102;EUR;20000000;20000000;26/07/2022;26/07/2029;;;0.8;0.1;Semestral;Act/360;Act/360;0.4;Semestral;Não;Não;Validado BO;0;1;Taxa Variável;Colocacao directa da emissao;Sim;Nao;Nao;;PRT
PC0938;GRUPADO VERACRUZ 2022;BANCO SANTANDER TOTTA;5223;EUR;19500000;0;02/08/2022;02/08/2034;;;1.46;0.1;Semestral;Act/360;Act/360;0.15;Semestral;Não;Não;Validado BO;9;0;Taxa Variável;Colocacao directa da emissao;Nao;Nao;Nao;;PRT
PC0940;Martins da Cruz & Cruz 2022;BANCO SANTANDER TOTTA;6707;EUR;2000000;500000;19/08/2022;19/08/2025;19/08/2025;20/07/2025;0.9;;;;;;;Não;Não;Validado BO;1;0;Taxa Variável;Colocacao directa da emissao;Sim;Nao;Nao;;PRT
PC0941;IBEROBRITA PRODUTORA DE AGREGADOS 2022;BANCO SANTANDER TOTTA;6586;EUR;600000;0;10/08/2022;10/08/2027;;;1;0.1;Semestral;Act/360;Act/360;0.08;Semestral;Não;Não;Validado BO;1;0;Taxa Variável;Colocacao directa da emissao;Sim;Nao;Nao;;PRT
PC0942;Valente Marques SA 2022;BANCO SANTANDER TOTTA;6226;EUR;500000;0;30/08/2022;30/08/2027;;;0.95;0.05;Semestral;Act/360;Act/360;0.15;Semestral;Não;Não;Validado BO;1;0;Taxa Variável;Colocacao directa da emissao;Sim;Nao;Nao;;PRT
PC0943;FAPRICELA 2022;BANCO SANTANDER TOTTA;6586;EUR;3750000;0;19/09/2022;20/09/2027;;;0.8;0.1;Semestral;Act/360;Act/360;0.1;Semestral;Não;Não;Validado BO;1;0;Taxa Variável;Colocacao directa da emissao;Sim;Nao;Nao;;PRT
PC0944;GRUPADO ETE SETEMBRO 2022;BANCO SANTANDER TOTTA;7103;EUR;3250000;0;21/09/2022;21/09/2027;;;2.5;0.1;Trimestral;Act/360;Act/360;0.4;Trimestral;Não;Não;Validado BO;1;0;Taxa Variável;Colocacao directa da emissao;Sim;Nao;Nao;;PRT
PC0945;GRUPADO TROFA SAUDE 2022;BANCO SANTANDER TOTTA;6246;EUR;6750000;6750000;16/08/2022;16/08/2029;;;0.7;0.05;Semestral;Act/360;Act/360;0.2;Semestral;Não;Não;Validado BO;0;1;Taxa Variável;Colocacao directa da emissao;Sim;Nao;Nao;;PRT
PC0946;Domingos Sousa & Fos SA 2022;BANCO SANTANDER TOTTA;6246;EUR;300000;0;04/10/2022;06/10/2025;;;1;0.05;Trimestral;Act/360;Act/360;0.05;Trimestral;Não;Não;Validado BO;1;0;Taxa Variável;Colocacao directa da emissao;Sim;Nao;Nao;;PRT
PC0948;SULPASTEIS 2022;BANCO SANTANDER TOTTA;6247;EUR;550000;0;02/11/2022;02/11/2026;;;1.25;0.05;Trimestral;Act/360;Act/360;0.4;Trimestral;Não;Não;Validado BO;1;0;Taxa Variável;Colocacao directa da emissao;Sim;Nao;Nao;;PRT
PC0950;GRUPADO AMORIM 2022;BANCO SANTANDER TOTTA;9411;EUR;2500000;0;18/11/2022;18/11/2027;;;1.5;0.05;Anual;Act/360;Act/360;0.125;Anual;Não;Não;Validado BO;1;0;Taxa Variável;Colocacao directa da emissao;Sim;Nao;Nao;;PRT
PC0952;GRUPADO CIMPOR 2022;BANCO SANTANDER TOTTA;9405;EUR;40000000;0;22/11/2022;23/11/2026;;;1.5;0.05;Semestral;Act/360;Act/360;0.1;Semestral;Não;Não;Validado BO;2;1;Taxa Variável;Colocacao directa da emissao;Sim;Nao;Nao;;PRT
PC0953;TMG INDUSTRIA AUTOMOVEL 2022;BANCO SANTANDER TOTTA;6246;EUR;1100000;0;29/11/2022;30/11/2026;29/11/2025;30/10/2025;1.875;0.125;Trimestral;Act/360;Act/360;0.25;Trimestral;Não;Não;Validado BO;1;0;Taxa Variável;Colocacao directa da emissao;Sim;Nao;Nao;;PRT
PC0955;GRUPADO LOGOPLASTE;BANCO SANTANDER TOTTA;7103;EUR;25000000;25000000;23/11/2022;23/11/2027;23/11/2025;24/10/2025;1;0.25;Semestral;Act/360;Act/360;0.45;Semestral;Não;Não;Validado BO;0;0;Taxa Variável;Colocacao directa da emissao;Sim;Nao;Nao;;PRT
PC0957;GRUPADO SICOR 2022;BANCO SANTANDER TOTTA;6245;EUR;700000;700000;07/12/2022;07/12/2026;;;1;0.05;Trimestral;Act/360;Act/360;0.3;Trimestral;Não;Não;Validado BO;0;0;Taxa Variável;Colocacao directa da emissao;Sim;Nao;Nao;;PRT
PC0958;MARI-SPORT CALÇADO LDA 2022;BANCO SANTANDER TOTTA;6228;EUR;300000;300000;12/12/2022;13/12/2027;12/12/2025;12/11/2025;1.35;0.05;Semestral;Act/360;Act/360;0.2;Semestral;Não;Não;Validado BO;0;0;Taxa Variável;Colocacao directa da emissao;Sim;Nao;Nao;;PRT
PC0959;MULTIMOTO 2022;BANCO SANTANDER TOTTA;6226;EUR;1400000;0;23/12/2022;23/12/2027;;;1;0.15;Semestral;Act/360;Act/360;0.1;Semestral;Não;Não;Validado BO;1;0;Taxa Variável;Colocacao directa da emissao;Sim;Nao;Nao;;PRT
PC0962;GRUPADO CAETANO COATINGS S.A – 2022;BANCO SANTANDER TOTTA;6208;EUR;2500000;2100000;29/12/2022;29/12/2028;29/12/2025;29/11/2025;0.8;0.15;Semestral;Act/360;Act/360;0.55;Semestral;Não;Não;Validado BO;2;3;Taxa Variável;Colocacao directa da emissao;Sim;Nao;Nao;;PRT
PC0963;DUVALLI - 2022;BANCO SANTANDER TOTTA;6226;EUR;600000;0;03/01/2023;03/01/2028;;;1.25;0.05;Trimestral;Act/360;Act/360;0.1;Trimestral;Não;Não;Validado BO;1;0;Taxa Variável;Colocacao directa da emissao;Sim;Nao;Nao;;PRT
PC0965;GRUPADO M.COUTINHO 1M 2022;BANCO SANTANDER TOTTA;6228;EUR;600000;600000;23/01/2023;24/01/2028;23/01/2026;24/12/2025;1;0.05;Trimestral;Act/360;Act/360;0.3;Trimestral;Não;Não;Validado BO;0;0;Taxa Variável;Colocacao directa da emissao;Sim;Nao;Nao;;PRT
PC0966;GRUPADO ADA 2022;BANCO SANTANDER TOTTA;6228;EUR;900000;900000;01/02/2023;01/02/2028;;;1.2;0.05;Trimestral;Act/360;Act/360;0.1;Trimestral;Não;Não;Validado BO;0;0;Taxa Variável;Colocacao directa da emissao;Sim;Nao;Nao;;PRT
PC0969;Ascendum 2023;BANCO SANTANDER TOTTA;7102;EUR;10000000;10000000;20/01/2023;21/01/2030;;;0.4;0.1;Anual;Act/360;Act/360;0.4;Anual;Não;Não;Validado BO;0;0;Taxa Variável;Colocacao directa da emissao;Sim;Nao;Nao;;PRT
PC0971;Santogal Imobiliária, S.A. 2023;BANCO SANTANDER TOTTA;7103;EUR;7500000;300000;06/03/2023;28/06/2027;26/06/2025;27/05/2025;0.19;0.06;Anual;Act/360;Act/360;0.5;Anual;Sim;Não;Validado BO;1;1;Taxa Variável;Colocacao directa da emissao;Sim;Nao;Nao;BATALHA;PRT
PC0974;Despomar 2023;BANCO SANTANDER TOTTA;6239;EUR;1500000;600000;17/03/2023;17/03/2028;17/03/2025;16/01/2025;1.15;0.1;Anual;Act/360;Act/360;0.1;Anual;Não;Não;Validado BO;2;0;Taxa Variável;Colocacao directa da emissao;Sim;Nao;Nao;;PRT
PC0975;Aquinos 2023;BANCO SANTANDER TOTTA;6586;EUR;2000000;0;27/03/2023;27/03/2026;27/03/2025;25/02/2025;1.25;0.11;Anual;Act/360;Act/360;0.1;Anual;Sim;Não;Validado BO;1;0;Taxa Variável;Colocacao directa da emissao;Sim;Nao;Nao;BATALHA;PRT
PC0976;MECWIDE SA 2023;BANCO SANTANDER TOTTA;6707;EUR;1250000;0;23/03/2023;24/03/2025;24/03/2025;22/02/2025;1.1;0.1;Anual;Act/360;Act/360;0.2;Anual;Não;Não;Validado BO;1;0;Taxa Variável;Colocacao directa da emissao;Sim;Nao;Nao;;PRT
PC0977;GRUPADO PROZIS 2023;BANCO SANTANDER TOTTA;;EUR;2600000;0;28/03/2023;28/03/2028;;;0.9;0.05;Trimestral;Act/360;Act/360;0.25;Trimestral;Sim;Não;Validado BO;2;0;Taxa Variável;Colocacao directa da emissao;Sim;Nao;Nao;BATALHA;PRT
PC0978;Balbino & Faustino 2023;BANCO SANTANDER TOTTA;6594;EUR;1500000;0;27/03/2023;27/03/2026;27/03/2025;25/02/2025;1.25;0.05;Anual;Act/360;Act/360;0.125;Anual;Não;Não;Validado BO;2;0;Taxa Variável;Colocacao directa da emissao;Sim;Nao;Nao;;PRT
PC0979;MOVITER 2023;BANCO SANTANDER TOTTA;6594;EUR;11000000;11000000;11/04/2023;11/04/2028;11/04/2025;10/02/2025;1.1;0.025;Anual;Act/360;Act/360;0.125;Anual;Não;Não;Validado BO;0;1;Taxa Variável;Colocacao directa da emissao;Sim;Nao;Nao;;PRT
PC0980;GRUPADO JPM 2023;BANCO SANTANDER TOTTA;6226;EUR;1300000;0;28/04/2023;28/04/2028;;;1.125;0.05;Trimestral;Act/360;Act/360;0.1;Trimestral;Não;Não;Validado BO;1;0;Taxa Variável;Colocacao directa da emissao;Sim;Nao;Nao;;PRT
PC0982;PCARNES, S.A 2023;BANCO SANTANDER TOTTA;6593;EUR;2000000;2000000;21/04/2023;22/04/2025;21/04/2025;22/03/2025;0.85;0.05;Anual;Act/360;Act/360;0.1;Anual;Sim;Não;Validado BO;0;0;Taxa Variável;Colocacao directa da emissao;Sim;Nao;Nao;BATALHA;PRT
PC0983;CARTONAGEM TRINDADE 2023;BANCO SANTANDER TOTTA;6226;EUR;1000000;0;22/05/2023;22/05/2026;;;0.75;0.05;Trimestral;Act/360;Act/360;0.1;Trimestral;Sim;Não;Validado BO;1;0;Taxa Variável;Colocacao directa da emissao;Sim;Nao;Nao;BATALHA;PRT
PC0984;GRUPADO DECADA PARALELA 2023;BANCO SANTANDER TOTTA;5298;EUR;1750000;1750000;02/05/2023;02/05/2028;02/05/2025;02/04/2025;2;0.2;Semestral;Act/360;Act/360;0.5;Semestral;Não;Não;Validado BO;0;0;Taxa Variável;Colocacao directa da emissao;Sim;Nao;Nao;;PRT
PC0986;AMILCAR & MORGADO 2023;BANCO SANTANDER TOTTA;6247;EUR;800000;0;16/05/2023;16/05/2028;16/05/2025;16/04/2025;0.85;0.05;Anual;Act/360;Act/360;0.1;Anual;Não;Não;Validado BO;1;0;Taxa Variável;Colocacao directa da emissao;Sim;Nao;Nao;;PRT
PC0987;GRUPADO DIVERSTOCK 2023;BANCO SANTANDER TOTTA;6581;EUR;600000;0;24/05/2023;25/05/2026;;;1.2;0.125;Semestral;Act/360;Act/360;0.125;Semestral;Não;Não;Validado BO;1;0;Taxa Variável;Colocacao directa da emissao;Sim;Nao;Nao;;PRT
PC0988;LAFITTE CORK PORTUGAL S.A 2023;BANCO SANTANDER TOTTA;6226;EUR;600000;0;22/05/2023;24/05/2027;;;1.25;0.1;Trimestral;Act/360;Act/360;0.1;Trimestral;Não;Não;Validado BO;1;0;Taxa Variável;Colocacao directa da emissao;Sim;Nao;Nao;;PRT
PC0989;GRUPADO RANGEL - 2023;BANCO SANTANDER TOTTA;6210;EUR;1250000;1250000;01/06/2023;01/06/2027;;;0.85;0.05;Semestral;Act/360;Act/360;0.45;Semestral;Não;Não;Validado BO;0;0;Taxa Variável;Colocacao directa da emissao;Sim;Nao;Nao;;PRT
PC0990;NOVARROZ-2.5M 2023;BANCO SANTANDER TOTTA;6226;EUR;1750000;0;22/06/2023;22/06/2028;;;0.825;0.05;Semestral;Act/360;Act/360;0.1;Semestral;Sim;Não;Validado BO;1;0;Taxa Variável;Colocacao directa da emissao;Sim;Nao;Nao;BATALHA;PRT
PC0991;NOVARROZ-1.5M 2023;BANCO SANTANDER TOTTA;6226;EUR;1500000;0;22/06/2023;22/06/2026;22/06/2025;23/05/2025;0.825;0.05;Anual;Act/360;Act/360;0.1;Anual;Não;Não;Validado BO;1;0;Taxa Variável;Colocacao directa da emissao;Sim;Nao;Nao;;PRT
PC0993;I-CHARGING MOBILIDADE ELECTRICA S.A.-2023;BANCO SANTANDER TOTTA;7103;EUR;7000000;0;28/06/2023;29/06/2026;28/06/2025;29/04/2025;1.85;0.05;Anual;Act/360;Act/360;0.6;Anual;Não;Não;Validado BO;1;0;Taxa Variável;Colocacao directa da emissao;Sim;Nao;Nao;;PRT
PC0994;Grupado Logoplaste - 2023;BANCO SANTANDER TOTTA;7103;EUR;8100000;0;29/06/2023;29/06/2028;29/06/2026;30/05/2026;1.3;0.25;Trimestral;Act/360;Act/360;0.45;Trimestral;Não;Não;Validado BO;2;0;Taxa Variável;Colocacao directa da emissao;Sim;Nao;Nao;;PRT
PC0995;ASPOCK PORTUGAL - 2023;BANCO SANTANDER TOTTA;6226;EUR;1000000;0;20/07/2023;20/07/2027;;;1.25;0.1;Semestral;Act/360;Act/360;0.15;Semestral;Sim;Não;Validado BO;1;0;Taxa Variável;Colocacao directa da emissao;Sim;Nao;Nao;BATALHA;PRT
PC0997;EUROBEIRAS, LDA - 2023;BANCO SANTANDER TOTTA;6247;EUR;800000;800000;26/07/2023;26/07/2028;;;0.9;0.05;Anual;Act/360;Act/360;0.1;Anual;Sim;Não;Validado BO;0;1;Taxa Variável;Colocacao directa da emissao;Sim;Nao;Nao;BATALHA;PRT
PC0998;GRUPADO CORK SUPPLY 2023;BANCO SANTANDER TOTTA;6226;EUR;3200000;0;03/08/2023;03/08/2027;;;0.65;0.05;Trimestral;Act/360;Act/360;0.15;Trimestral;Não;Não;Validado BO;1;1;Taxa Variável;Colocacao directa da emissao;Sim;Nao;Nao;;PRT
PC0999;TEC PELLETS -PROD.COMERCIALIZAÇÃO DE PELLETS- 2023;BANCO SANTANDER TOTTA;6246;EUR;500000;0;16/08/2023;16/08/2027;;;0.8;0.025;Trimestral;Act/360;Act/360;0.125;Trimestral;Sim;Não;Validado BO;1;0;Taxa Variável;Colocacao directa da emissao;Sim;Nao;Nao;BATALHA;PRT
PC1000;GRUPADO METALOGALVA 2023;BANCO SANTANDER TOTTA;7102;EUR;2100000;0;04/08/2023;04/08/2028;;;1.15;0.15;Semestral;Act/360;Act/360;0.15;Semestral;Não;Não;Validado BO;1;0;Taxa Variável;Colocacao directa da emissao;Sim;Nao;Nao;;PRT
PC1001;GRUPADO GLOBALVALOS 2023;BANCO SANTANDER TOTTA;6226;EUR;1350000;0;18/08/2023;18/08/2028;18/08/2025;19/07/2025;1;0.05;Semestral;Act/360;Act/360;0.2;Semestral;Não;Não;Validado BO;1;0;Taxa Variável;Colocacao directa da emissao;Sim;Nao;Nao;;PRT
PC1002;AODACI LDA 1.5M - 2023;BANCO SANTANDER TOTTA;6586;EUR;1500000;0;21/08/2023;21/08/2026;21/08/2025;22/07/2025;0.75;0.1;Anual;Act/360;Act/360;0.15;Anual;Não;Não;Validado BO;1;0;Taxa Variável;Colocacao directa da emissao;Sim;Nao;Nao;;PRT
PC1003;AODACI LDA 2.5M - 2023;BANCO SANTANDER TOTTA;6586;EUR;2200000;0;21/08/2023;21/08/2028;21/08/2025;22/07/2025;0.75;0.1;Trimestral;Act/360;Act/360;0.15;Trimestral;Não;Não;Validado BO;1;0;Taxa Variável;Colocacao directa da emissao;Sim;Nao;Nao;;PRT
PC1004;ISAAC PEDROSO-TRANSPORTES DE MERCADORIAS LDA 2023;BANCO SANTANDER TOTTA;6707;EUR;450000;0;25/08/2023;25/08/2027;25/08/2025;26/07/2025;0.75;0.05;Semestral;Act/360;Act/360;0.1;Semestral;Sim;Não;Validado BO;1;0;Taxa Variável;Colocacao directa da emissao;Sim;Nao;Nao;BATALHA;PRT
PC1005;PORCELANAS COSTA VERDE S.A. 2023;BANCO SANTANDER TOTTA;6245;EUR;750000;0;01/09/2023;01/09/2027;;;0.725;0.05;Trimestral;Act/360;Act/360;0.15;Trimestral;Sim;Não;Validado BO;1;1;Taxa Variável;Colocacao directa da emissao;Sim;Nao;Nao;BATALHA;PRT
PC1006;GRUPADO XRS 2023;BANCO SANTANDER TOTTA;6581;EUR;2650000;2650000;06/09/2023;06/09/2028;;;1.35;0.05;Semestral;Act/360;Act/360;0.15;Semestral;Não;Não;Validado BO;0;0;Taxa Variável;Colocacao directa da emissao;Sim;Nao;Nao;;PRT
PC1008;GRUPADO VIOLAS 2023;BANCO SANTANDER TOTTA;7102;EUR;1000000;0;31/08/2023;31/08/2026;01/09/2025;03/07/2025;1.5;0.1;Anual;Act/360;Act/360;0.4;Anual;Não;Não;Validado BO;1;0;Taxa Variável;Colocacao directa da emissao;Sim;Nao;Nao;;PRT
PC1009;PRIMUS CERAMICS, S.A - 2023;BANCO SANTANDER TOTTA;6245;EUR;700000;700000;08/09/2023;08/09/2028;;;1;0.05;Semestral;Act/360;Act/360;0.1;Semestral;Sim;Não;Validado BO;0;0;Taxa Variável;Colocacao directa da emissao;Sim;Nao;Nao;BATALHA;PRT
PC1010;MOTRINDE - 2023;BANCO SANTANDER TOTTA;6245;EUR;1500000;0;20/09/2023;20/09/2028;;;0.85;0.05;Trimestral;Act/360;Act/360;0.2;Trimestral;Sim;Não;Validado BO;1;0;Taxa Variável;Colocacao directa da emissao;Sim;Nao;Nao;BATALHA;PRT
PC1011;INVESTMCD - 2023;BANCO SANTANDER TOTTA;6595;EUR;1700000;0;25/09/2023;25/09/2028;;;1.06;0.05;Semestral;Act/360;Act/360;0.2;Semestral;Não;Não;Validado BO;1;0;Taxa Variável;Colocacao directa da emissao;Sim;Nao;Nao;;PRT
PC1012;GRUPADO ETE - 2023;BANCO SANTANDER TOTTA;7103;EUR;8350000;0;27/09/2023;27/09/2028;;;1.25;0.05;Trimestral;Act/360;Act/360;0.4;Trimestral;Não;Não;Validado BO;1;0;Taxa Variável;Colocacao directa da emissao;Sim;Nao;Nao;;PRT
PC1016;BIAL HOLDING, S.A. - 2023;BANCO SANTANDER TOTTA;7102;EUR;20000000;20000000;30/10/2023;30/10/2028;30/04/2026;31/03/2026;0.65;0.2;Anual;Act/360;Act/360;0.1;Anual;Não;Não;Validado BO;0;0;Taxa Variável;Colocacao directa da emissao;Sim;Nao;Nao;;PRT
PC1017;GRUPADO CÃES DE PEDRA 2023;BANCO SANTANDER TOTTA;6246;EUR;1900000;0;15/11/2023;15/11/2028;;;0.925;0.075;Trimestral;Act/360;Act/360;0.15;Trimestral;Não;Não;Validado BO;1;0;Taxa Variável;Colocacao directa da emissao;Sim;Nao;Nao;;PRT
PC1019;TN - TRANSPORTES M SIMÕES NOGUEIRA, SA - 2023;BANCO SANTANDER TOTTA;6246;EUR;850000;0;09/11/2023;09/11/2027;10/11/2025;11/10/2025;1.25;0.1;Trimestral;Act/360;Act/360;0.1;Trimestral;Não;Não;Validado BO;1;0;Taxa Variável;Colocacao directa da emissao;Sim;Nao;Nao;;PRT
PC1020;GRUPADO PETROTEC - 2023;BANCO SANTANDER TOTTA;6246;EUR;600000;0;21/11/2023;21/11/2025;21/05/2025;21/04/2025;1.45;0.05;Mensal;Act/360;Act/360;0.2;Mensal;Não;Não;Validado BO;1;0;Taxa Variável;Colocacao directa da emissao;Sim;Nao;Nao;;PRT
PC1021;INTRAPLÁS - 2023 (TRIMESTRAL);BANCO SANTANDER TOTTA;6210;EUR;6300000;6300000;06/11/2023;06/11/2028;;;0.75;0.15;Trimestral;Act/360;Act/360;0.15;Trimestral;Sim;Não;Validado BO;0;0;Taxa Variável;Colocacao directa da emissao;Sim;Nao;Nao;BATALHA;PRT
PC1022;INTRAPLÁS - 2023 (SEMESTRAL);BANCO SANTANDER TOTTA;6210;EUR;6750000;6750000;06/11/2023;06/11/2028;;;0.75;0.15;Semestral;Act/360;Act/360;0.15;Semestral;Sim;Não;Validado BO;0;0;Taxa Variável;Colocacao directa da emissao;Sim;Nao;Nao;BATALHA;PRT
PC1023;COBEL 2023;BANCO SANTANDER TOTTA;8071;EUR;1050000;50000;30/11/2023;30/11/2028;30/05/2025;30/04/2025;0.62;0.025;Semestral;Act/360;Act/360;0.075;Semestral;Não;Não;Validado BO;1;0;Taxa Variável;Colocacao directa da emissao;Sim;Nao;Nao;;PRT
PC1024;AUTOZITÂNIA - ACESSORIOS e SOBRESSALENTES SA -2023;BANCO SANTANDER TOTTA;6593;EUR;750000;0;28/11/2023;30/11/2026;28/11/2025;29/10/2025;1.1;0.1;Mensal;Act/360;Act/360;0.1;Mensal;Não;Não;Validado BO;1;0;Taxa Variável;Colocacao directa da emissao;Sim;Nao;Nao;;PRT
PC1026;GRUPADO INCENTEA SA - 2023;BANCO SANTANDER TOTTA;6586;EUR;750000;0;11/12/2023;13/12/2027;;;1;0.1;Semestral;Act/360;Act/360;0.15;Semestral;Não;Não;Validado BO;1;0;Taxa Variável;Colocacao directa da emissao;Sim;Nao;Nao;;PRT
PC1027;O1K1 AL - VITA, SA - 2023;BANCO SANTANDER TOTTA;6581;EUR;550000;0;12/12/2023;13/12/2027;12/12/2025;12/11/2025;2.35;0.1;Semestral;Act/360;Act/360;0.15;Semestral;Não;Não;Validado BO;1;0;Taxa Variável;Colocacao directa da emissao;Sim;Nao;Nao;;PRT
PC1028;LITOCARTÃO - CARTÃO CANELADO, LDA - 2023;BANCO SANTANDER TOTTA;6228;EUR;750000;750000;04/12/2023;04/12/2028;04/12/2025;04/11/2025;0.9;0.05;Trimestral;Act/360;Act/360;0.15;Trimestral;Sim;Não;Validado BO;0;0;Taxa Variável;Colocacao directa da emissao;Sim;Nao;Nao;BATALHA;PRT
PC1029;GRUPADO GALP 2023;BANCO SANTANDER TOTTA;9411;EUR;200000000;0;27/12/2023;16/06/2025;;;1.5;0.025;Semestral;Act/360;Act/360;0.375;Semestral;Não;Não;Validado BO;1;0;Taxa Fixa;Colocacao directa da emissao;Sim;Nao;Nao;;PRT
PC1030;QUIMIALMEL 2023;BANCO SANTANDER TOTTA;6245;EUR;600000;0;18/12/2023;20/12/2027;18/12/2025;18/11/2025;1.1;0.05;Semestral;Act/360;Act/360;0.1;Semestral;Sim;Não;Validado BO;2;0;Taxa Variável;Colocacao directa da emissao;Sim;Nao;Nao;BATALHA;PRT
PC1031;FRIGOSTO 2023;BANCO SANTANDER TOTTA;6239;EUR;1000000;0;04/01/2024;04/01/2027;04/01/2026;05/12/2025;1.35;0.15;Anual;Act/360;Act/360;0.15;Anual;Não;Não;Validado BO;1;0;Taxa Variável;Colocacao directa da emissao;Sim;Nao;Nao;;PRT
PC1032;COLEP 2023;BANCO SANTANDER TOTTA;7102;EUR;17500000;0;20/12/2023;20/12/2028;;;0.6;0.05;Anual;Act/360;Act/360;0.05;Anual;Não;Não;Validado BO;1;0;Taxa Variável;Colocacao directa da emissao;Sim;Nao;Nao;;PRT
PC1033;GRUPADO AAC 2023;BANCO SANTANDER TOTTA;6246;EUR;1500000;0;22/12/2023;22/12/2028;;;1.15;0.05;Semestral;Act/360;Act/360;0.1;Semestral;Sim;Não;Validado BO;1;0;Taxa Variável;Colocacao directa da emissao;Sim;Nao;Nao;BATALHA;PRT
PC1034;RUBICER 2023;BANCO SANTANDER TOTTA;6245;EUR;1400000;1400000;15/12/2023;17/12/2029;;;0.9;0.1;Semestral;Act/360;Act/360;0.15;Semestral;Sim;Não;Validado BO;0;1;Taxa Variável;Colocacao directa da emissao;Sim;Nao;Nao;BATALHA;PRT
PC1035;GRUPADO PROEF 2023;BANCO SANTANDER TOTTA;6210;EUR;1000000;0;28/11/2023;30/11/2026;28/11/2025;29/10/2025;0.85;0.1;Semestral;Act/360;Act/360;0.1;Semestral;Não;Não;Validado BO;1;3;Taxa Variável;Colocacao directa da emissao;Sim;Nao;Nao;;PRT
PC1036;GRUPADO SALVADOR CAETANO 2023;BANCO SANTANDER TOTTA;7102;EUR;11500000;0;20/12/2023;20/12/2028;20/12/2026;20/11/2026;0.75;0.1;Anual;Act/360;Act/360;0.4;Anual;Não;Não;Validado BO;2;1;Taxa Variável;Colocacao directa da emissao;Sim;Nao;Nao;;PRT
PC1037;GRUPADO RESPOL 2023;BANCO SANTANDER TOTTA;6594;EUR;23700000;0;27/12/2023;27/12/2028;27/12/2025;27/11/2025;1.6;0.07;Semestral;Act/360;Act/360;0.28;Semestral;Não;Não;Validado BO;3;0;Taxa Variável;Colocacao directa da emissao;Sim;Nao;Nao;;PRT
PC1038;SEVEME 2023;BANCO SANTANDER TOTTA;6245;EUR;1200000;0;18/12/2023;18/12/2028;;;1.05;0.05;Semestral;Act/360;Act/360;0.2;Semestral;Sim;Não;Validado BO;1;0;Taxa Variável;Colocacao directa da emissao;Sim;Nao;Nao;BATALHA;PRT
PC1039;CONDURIL - ENGENHARIA, SA - 2024;BANCO SANTANDER TOTTA;6210;EUR;2500000;0;10/01/2024;12/07/2027;12/01/2026;13/12/2025;1.25;0.125;Trimestral;Act/360;Act/360;0.125;Trimestral;Sim;Não;Validado BO;1;0;Taxa Variável;Colocacao directa da emissao;Sim;Nao;Nao;BATALHA;PRT
PC1040;ESPORÃO SA -2024;BANCO SANTANDER TOTTA;6208;EUR;9200000;0;15/01/2024;15/01/2029;15/01/2026;16/11/2025;0.8;0.1;Trimestral;Act/360;Act/360;0.1;Trimestral;Não;Não;Validado BO;1;0;Taxa Variável;Colocacao directa da emissao;Sim;Nao;Nao;;PRT
PC1041;VIDEIRA II, SA - 2024;BANCO SANTANDER TOTTA;6228;EUR;1200000;0;18/01/2024;18/01/2029;;;0.6;0.1;Trimestral;Act/360;Act/360;0.1;Trimestral;Sim;Não;Validado BO;1;0;Taxa Variável;Colocacao directa da emissao;Sim;Nao;Nao;BATALHA;PRT
PC1043;HOVIONE - 2023;BANCO SANTANDER TOTTA;7103;EUR;20000000;20000000;20/12/2023;20/12/2028;;;0.9;0.1;Anual;Act/360;Act/360;0.35;Anual;Não;Não;Validado BO;0;0;Taxa Variável;Colocacao directa da emissao;Sim;Nao;Nao;;PRT
PC1044;OLI - SISTEMAS SANITARIOS, S.A. 2024;BANCO SANTANDER TOTTA;6245;EUR;1500000;1500000;04/01/2024;04/01/2027;;;0.85;0.03;Anual;Act/360;Act/360;0.2;Anual;Sim;Não;Validado BO;0;0;Taxa Variável;Colocacao directa da emissao;Sim;Nao;Nao;BATALHA;PRT
PC1045;MENDES E GONÇALVES, SA - 2024;BANCO SANTANDER TOTTA;6594;EUR;1500000;0;25/01/2024;25/01/2028;26/01/2026;27/12/2025;0.75;0.1;Trimestral;Act/360;Act/360;0.15;Trimestral;Sim;Não;Validado BO;1;0;Taxa Variável;Colocacao directa da emissao;Sim;Nao;Nao;BATALHA;PRT
PC1046;SEDACOR - 2024;BANCO SANTANDER TOTTA;6226;EUR;800000;0;29/01/2024;29/01/2027;;;1.3;0.1;Trimestral;Act/360;Act/360;0.1;Trimestral;Sim;Não;Validado BO;1;0;Taxa Variável;Colocacao directa da emissao;Sim;Nao;Nao;BATALHA;PRT
PC1047;GRUPADO SCRAPS - 2024;BANCO SANTANDER TOTTA;6707;EUR;1000000;0;25/01/2024;26/01/2026;25/07/2025;25/06/2025;1.45;0.1;Trimestral;Act/360;Act/360;0.05;Trimestral;Não;Não;Validado BO;1;0;Taxa Variável;Colocacao directa da emissao;Sim;Nao;Nao;;PRT
PC1048;GRUPEL - 2024;BANCO SANTANDER TOTTA;6245;EUR;800000;800000;17/01/2024;17/01/2029;19/01/2026;20/12/2025;0.775;0.05;Semestral;Act/360;Act/360;0.075;Semestral;Sim;Não;Validado BO;0;0;Taxa Variável;Colocacao directa da emissao;Sim;Nao;Nao;BATALHA;PRT
PC1050;UNIMADEIRAS - 2024;BANCO SANTANDER TOTTA;6245;EUR;1000000;0;22/01/2024;22/01/2027;22/07/2025;22/06/2025;1.25;0.1;Semestral;Act/360;Act/360;0.4;Semestral;Não;Não;Validado BO;1;0;Taxa Variável;Colocacao directa da emissao;Sim;Nao;Nao;;PRT
PC1051;GRUPADO VNC - 2024;BANCO SANTANDER TOTTA;6246;EUR;4000000;4000000;26/01/2024;26/01/2029;;;0.75;0.1;Semestral;Act/360;Act/360;0.15;Semestral;Não;Não;Validado BO;0;0;Taxa Variável;Colocacao directa da emissao;Sim;Nao;Nao;;PRT
PC1052;INTERPREV - 2024;BANCO SANTANDER TOTTA;6247;EUR;600000;0;02/02/2024;02/02/2029;02/02/2026;03/01/2026;0.95;0.05;Anual;Act/360;Act/360;0.1;Anual;Sim;Não;Validado BO;1;0;Taxa Variável;Colocacao directa da emissao;Sim;Nao;Nao;BATALHA;PRT
PC1053;FERNANDO & IRMÃOS - 2024;BANCO SANTANDER TOTTA;6228;EUR;2000000;2000000;07/02/2024;07/02/2029;;;0.625;0.05;Anual;Act/360;Act/360;0.05;Anual;Sim;Não;Validado BO;0;0;Taxa Variável;Colocacao directa da emissao;Sim;Nao;Nao;BATALHA;PRT
PC1054;AVELEDA, SA;BANCO SANTANDER TOTTA;6228;EUR;6000000;2000000;07/02/2024;07/02/2029;;;0.625;0.05;Anual;Act/360;Act/360;0.05;Anual;Sim;Não;Validado BO;2;0;Taxa Variável;Colocacao directa da emissao;Sim;Nao;Nao;BATALHA;PRT
PC1055;GRESTEL - 2024;BANCO SANTANDER TOTTA;6245;EUR;2000000;1750000;16/02/2024;16/02/2029;16/02/2026;17/01/2026;0.65;0.05;Semestral;Act/360;Act/360;0.2;Semestral;Sim;Não;Validado BO;1;1;Taxa Variável;Colocacao directa da emissao;Sim;Nao;Nao;BATALHA;PRT
PC1057;GRUPADO RIO CAIMA 2024;BANCO SANTANDER TOTTA;6226;EUR;1500000;0;20/02/2024;20/02/2029;20/08/2026;21/07/2026;0.9;0.05;Semestral;Act/360;Act/360;0.2;Semestral;Não;Não;Validado BO;1;0;Taxa Variável;Colocacao directa da emissao;Sim;Nao;Nao;;PRT
PC1058;PROPECUARIA - 2024;BANCO SANTANDER TOTTA;6594;EUR;2500000;2500000;19/02/2024;19/02/2027;19/02/2026;20/01/2026;0.6;0.05;Anual;Act/360;Act/360;0.1;Anual;Sim;Não;Validado BO;0;0;Taxa Variável;Colocacao directa da emissao;Sim;Nao;Nao;BATALHA;PRT
PC1059;GRUPADO CORK SUPPLY - 2024;BANCO SANTANDER TOTTA;6226;EUR;6000000;0;22/02/2024;22/02/2029;;;0.65;0.05;Semestral;Act/360;Act/360;0.15;Semestral;Não;Não;Validado BO;1;0;Taxa Variável;Colocacao directa da emissao;Sim;Nao;Nao;;PRT
PC1060;GLINTT - 2024;BANCO SANTANDER TOTTA;7103;EUR;2700000;0;22/02/2024;22/02/2029;;;2;0.05;Trimestral;Act/360;Act/360;0.35;Trimestral;Não;Não;Validado BO;1;0;Taxa Variável;Colocacao directa da emissao;Sim;Nao;Nao;;PRT
PC1061;PECOL SISTEMAS DE FIXAÇÃO - 2024;BANCO SANTANDER TOTTA;6245;EUR;1000000;0;27/02/2024;28/02/2028;;;0.6;0.05;Semestral;Act/360;Act/360;0.1;Semestral;Sim;Não;Validado BO;1;0;Taxa Variável;Colocacao directa da emissao;Sim;Nao;Nao;BATALHA;PRT
PC1062;RBT - 2024;BANCO SANTANDER TOTTA;6228;EUR;800000;0;23/02/2024;23/02/2029;;;0.65;0.05;Trimestral;Act/360;Act/360;0.05;Trimestral;Sim;Não;Validado BO;1;0;Taxa Variável;Colocacao directa da emissao;Sim;Nao;Nao;BATALHA;PRT
PC1063;EUROTAGAR - 2024;BANCO SANTANDER TOTTA;6226;EUR;2000000;0;27/02/2024;01/03/2027;27/02/2026;28/01/2026;0.85;0.1;Anual;Act/360;Act/360;0.1;Anual;Sim;Não;Validado BO;1;0;Taxa Variável;Colocacao directa da emissao;Sim;Nao;Nao;BATALHA;PRT
PC1065;MARI-SPORT CALÇADO, LDA;BANCO SANTANDER TOTTA;6228;EUR;800000;0;21/02/2024;22/01/2029;23/02/2026;24/01/2026;0.8;0.05;Trimestral;Act/360;Act/360;0.2;Trimestral;Sim;Não;Validado BO;1;0;Taxa Variável;Colocacao directa da emissao;Sim;Nao;Nao;BATALHA;PRT
PC1066;JOÃO PIRES INTERNACIONAL TRANSPORTES - 2024;BANCO SANTANDER TOTTA;6707;EUR;800000;800000;08/03/2024;08/03/2028;;;0.675;0.05;Trimestral;Act/360;Act/360;0.05;Trimestral;Não;Não;Validado BO;0;0;Taxa Variável;Colocacao directa da emissao;Sim;Nao;Nao;;PRT
PC1067;AAPICO MAIA, SA - 2024;BANCO SANTANDER TOTTA;6210;EUR;600000;0;04/03/2024;04/03/2026;;;2.5;0.3;Mensal;Act/360;Act/360;0.3;Mensal;Sim;Não;Validado BO;1;0;Taxa Variável;Colocacao directa da emissao;Sim;Nao;Nao;BATALHA;PRT
PC1068;PECOL AUTOMOTIVE,SA - 2024;BANCO SANTANDER TOTTA;6245;EUR;2000000;0;22/03/2024;22/03/2028;;;0.6;0.05;Semestral;Act/360;Act/360;0.1;Semestral;Sim;Não;Validado BO;1;0;Taxa Variável;Colocacao directa da emissao;Sim;Nao;Nao;BATALHA;PRT
PC1069;GRUPADO JAIME ALBERTO, LDA - 2024;BANCO SANTANDER TOTTA;6247;EUR;1000000;600000;13/03/2024;13/03/2028;13/03/2025;11/02/2025;0.65;0.05;Anual;Act/360;Act/360;0.1;Anual;Sim;Não;Validado BO;2;0;Taxa Variável;Colocacao directa da emissao;Sim;Nao;Nao;BATALHA;PRT
PC1070;BUTTERFLY SECRET, LDA - 2024;BANCO SANTANDER TOTTA;6586;EUR;650000;0;19/03/2024;19/03/2026;19/03/2025;17/02/2025;0.75;0.1;Trimestral;Act/360;Act/360;0.2;Trimestral;Sim;Não;Validado BO;1;0;Taxa Variável;Colocacao directa da emissao;Sim;Nao;Nao;BATALHA;PRT
PC1071;SILVEX - 2024;BANCO SANTANDER TOTTA;6239;EUR;2050000;0;21/03/2024;21/03/2028;21/03/2025;20/01/2025;0.7;0.05;Trimestral;Act/360;Act/360;0.05;Trimestral;Sim;Não;Validado BO;1;0;Taxa Variável;Colocacao directa da emissao;Sim;Nao;Nao;BATALHA;PRT
PC1072;UNIOVO;BANCO SANTANDER TOTTA;6586;EUR;2000000;0;21/03/2024;21/03/2029;;;1;0.05;Trimestral;Act/360;Act/360;0.05;Trimestral;Sim;Não;Validado BO;1;0;Taxa Variável;Colocacao directa da emissao;Sim;Nao;Nao;BATALHA;PRT
PC1073;CASA DA MALHA - C5M, LDA - 2024;BANCO SANTANDER TOTTA;6707;EUR;750000;750000;04/03/2024;06/03/2028;;;0.7;0.125;Anual;Act/360;Act/360;0.125;Anual;Sim;Não;Validado BO;0;0;Taxa Variável;Colocacao directa da emissao;Sim;Nao;Nao;BATALHA;PRT
PC1074;ROCLAYER PACKAGING COMPOUNDS,SA - 2024;BANCO SANTANDER TOTTA;6226;EUR;900000;0;25/03/2024;26/03/2029;;;0.75;0.05;Semestral;Act/360;Act/360;0.15;Semestral;Sim;Não;Validado BO;1;0;Taxa Variável;Colocacao directa da emissao;Sim;Nao;Nao;BATALHA;PRT
PC1075;METALUSA 2024;BANCO SANTANDER TOTTA;6245;EUR;1500000;0;19/03/2024;19/03/2029;;;1.25;0.1;Semestral;Act/360;Act/360;0.35;Semestral;Sim;Não;Validado BO;1;0;Taxa Variável;Colocacao directa da emissao;Sim;Nao;Nao;BATALHA;PRT
PC1076;F.FONSECA, SA - 2024;BANCO SANTANDER TOTTA;6245;EUR;500000;0;22/03/2024;22/03/2029;23/03/2026;21/02/2026;0.8;0.05;Semestral;Act/360;Act/360;0.05;Semestral;Sim;Não;Validado BO;1;0;Taxa Variável;Colocacao directa da emissao;Sim;Nao;Nao;BATALHA;PRT
PC1077;LUGRADE - 2024;BANCO SANTANDER TOTTA;6586;EUR;5000000;5000000;25/03/2024;25/03/2030;;;0.5;0.15;Semestral;Act/360;Act/360;0.1;Semestral;Sim;Não;Validado BO;0;1;Taxa Variável;Colocacao directa da emissao;Sim;Nao;Nao;BATALHA;PRT
PC1078;CICLO FAPRIL - 2024;BANCO SANTANDER TOTTA;6245;EUR;1500000;0;25/03/2024;26/03/2029;;;0.95;0.05;Semestral;Act/360;Act/360;0.15;Semestral;Sim;Não;Validado BO;1;0;Taxa Variável;Colocacao directa da emissao;Sim;Nao;Nao;BATALHA;PRT
PC1079;BIOPORT SA - 2024;BANCO SANTANDER TOTTA;6228;EUR;1800000;0;27/03/2024;27/03/2029;;;0.7;0.1;Semestral;Act/360;Act/360;0.15;Semestral;Sim;Não;Validado BO;1;0;Taxa Variável;Colocacao directa da emissao;Sim;Nao;Nao;BATALHA;PRT
PC1080;AAPICO ÁGUEDA, SA - 2024;BANCO SANTANDER TOTTA;6210;EUR;600000;0;04/03/2024;04/03/2026;04/03/2026;02/02/2026;2.5;0.3;Mensal;Act/360;Act/360;0.3;Mensal;Sim;Não;Validado BO;1;0;Taxa Variável;Colocacao directa da emissao;Sim;Nao;Nao;BATALHA;PRT
PC1082;BEIRABAGA - 2024;BANCO SANTANDER TOTTA;6247;EUR;750000;700000;04/04/2024;04/04/2029;;;0.9;0.05;Anual;Act/360;Act/360;0.1;Anual;Sim;Não;Validado BO;1;0;Taxa Variável;Colocacao directa da emissao;Sim;Nao;Nao;BATALHA;PRT
PC1083;CARTONAGEM TRINDADE - 2024;BANCO SANTANDER TOTTA;6226;EUR;1800000;0;29/04/2024;30/04/2029;;;0.75;0.05;Semestral;Act/360;Act/360;0.1;Semestral;Sim;Não;Validado BO;1;0;Taxa Variável;Colocacao directa da emissao;Sim;Nao;Nao;BATALHA;PRT
PC1084;CERÂMICA DA BORRALHEIRA - 2024;BANCO SANTANDER TOTTA;6245;EUR;900000;0;04/04/2024;04/04/2029;;;0.75;0.03;Semestral;Act/360;Act/360;0.12;Semestral;Sim;Não;Validado BO;1;0;Taxa Variável;Colocacao directa da emissao;Sim;Nao;Nao;BATALHA;PRT
PC1085;GRUPADO BA GLASS - 2024;BANCO SANTANDER TOTTA;7102;EUR;175000000;100000000;25/03/2024;26/03/2029;;;0.75;0.05;Semestral;Act/360;Act/360;0.2;Semestral;Não;Não;Validado BO;2;0;Taxa Variável;Colocacao directa da emissao;Sim;Nao;Nao;;PRT
PC1086;SONS EM TRÂNSITO - 2024;BANCO SANTANDER TOTTA;6245;EUR;800000;500000;17/04/2024;17/04/2029;;;0.9;0.05;Trimestral;Act/360;Act/360;0.1;Trimestral;Sim;Não;Validado BO;1;0;Taxa Variável;Colocacao directa da emissao;Sim;Nao;Nao;BATALHA;PRT
PC1087;TRANSPORTES CENTRAL POMBALENSE,LDA -2024;BANCO SANTANDER TOTTA;6586;EUR;2000000;0;22/04/2024;23/04/2029;;;0.75;0.05;Semestral;Act/360;Act/360;0.05;Semestral;Não;Não;Validado BO;1;0;Taxa Variável;Colocacao directa da emissao;Sim;Nao;Nao;;PRT
PC1088;REN SGPS 2008 II;BANCO SANTANDER TOTTA;9411;EUR;125000000;0;29/04/2024;28/04/2026;;;0.55;0.025;Anual;Act/360;Act/360;0.125;Anual;Não;Não;Validado BO;1;0;Taxa Variável;Colocacao directa da emissao;Sim;Nao;Nao;;PRT
PC1089;FINANÇOR 2024;BANCO SANTANDER TOTTA;7104;EUR;5500000;0;15/04/2024;15/04/2031;;;0.6;0.15;Trimestral;Act/360;Act/360;0.15;Trimestral;Sim;Não;Validado BO;1;0;Taxa Variável;Colocacao directa da emissao;Sim;Nao;Nao;BATALHA;PRT
PC1090;AMOB - MAQUINAS E FERRAMENTAS, SA - 2024;BANCO SANTANDER TOTTA;6246;EUR;2150000;2150000;24/04/2024;24/04/2029;;;1;0.05;Trimestral;Act/360;Act/360;0.15;Trimestral;Sim;Não;Validado BO;0;0;Taxa Variável;Colocacao directa da emissao;Sim;Nao;Nao;BATALHA;PRT
PC1091;J.O.M. - 2024;BANCO SANTANDER TOTTA;6246;EUR;4700000;0;09/05/2024;09/05/2029;11/05/2026;11/04/2026;0.75;0.05;Trimestral;Act/360;Act/360;0.05;Trimestral;Sim;Não;Validado BO;1;0;Taxa Variável;Colocacao directa da emissao;Sim;Nao;Nao;BATALHA;PRT
PC1092;METALOVIANA – METALURGICA DE VIANA, SA - 2024;BANCO SANTANDER TOTTA;6707;EUR;3750000;2250000;14/05/2024;14/05/2029;14/05/2026;14/04/2026;0.65;0.1;Trimestral;Act/360;Act/360;0.1;Trimestral;Sim;Não;Validado BO;2;1;Taxa Variável;Colocacao directa da emissao;Sim;Nao;Nao;BATALHA;PRT
PC1093;INSPAUTO - 2024;BANCO SANTANDER TOTTA;6226;EUR;5000000;0;16/05/2024;16/05/2031;;;0.85;0.1;Semestral;Act/360;Act/360;0.15;Semestral;Sim;Não;Validado BO;1;0;Taxa Variável;Colocacao directa da emissao;Sim;Nao;Nao;BATALHA;PRT
PC1095;TRANSBOLHO - 2024;BANCO SANTANDER TOTTA;6245;EUR;850000;0;20/05/2024;21/05/2029;20/05/2026;20/04/2026;0.8;0.05;Trimestral;Act/360;Act/360;0.2;Trimestral;Sim;Não;Validado BO;1;0;Taxa Variável;Colocacao directa da emissao;Sim;Nao;Nao;BATALHA;PRT
PC1096;DRIVE ON HOLIDAYS - 2024;BANCO SANTANDER TOTTA;6704;EUR;6000000;200000;02/04/2024;02/04/2027;02/04/2025;03/03/2025;1.85;0.1;Anual;Act/360;Act/360;0.1;Anual;Não;Não;Validado BO;2;0;Taxa Variável;Colocacao directa da emissao;Sim;Nao;Nao;;PRT
PC1097;SILSA - CONFECÇÕES S.A. 2024;BANCO SANTANDER TOTTA;6707;EUR;1900000;0;22/05/2024;22/05/2028;;;0.7;0.05;Trimestral;Act/360;Act/360;0.05;Trimestral;Sim;Não;Validado BO;1;0;Taxa Variável;Colocacao directa da emissao;Sim;Nao;Nao;BATALHA;PRT
PC1098;ALBERTO DIAS BARBOSA, LDA - 2024;BANCO SANTANDER TOTTA;6228;EUR;1800000;450000;10/04/2024;23/04/2029;;;0.65;0.1;Semestral;Act/360;Act/360;0.1;Semestral;Sim;Não;Validado BO;2;0;Taxa Variável;Colocacao directa da emissao;Sim;Nao;Nao;BATALHA;PRT
PC1099;MCGA PORTUGAL UNIPESSOAL, LDA - 2024;BANCO SANTANDER TOTTA;6226;EUR;700000;0;29/05/2024;29/05/2029;;;0.875;0.1;Semestral;Act/360;Act/360;0.15;Semestral;Sim;Não;Validado BO;1;0;Taxa Variável;Colocacao directa da emissao;Sim;Nao;Nao;BATALHA;PRT
PC1100;GRUPADO SUGAL 2023;BANCO SANTANDER TOTTA;6239;EUR;20000000;62800;10/05/2024;10/05/2027;;;1.5;0.1;Anual;Act/360;Act/360;0.125;Anual;Não;Não;Validado BO;2;0;Taxa Variável;Colocacao directa da emissao;Sim;Nao;Nao;;PRT
PC1101;GRUPADO VALSABOR - 2024;BANCO SANTANDER TOTTA;6239;EUR;1950000;0;27/05/2024;31/05/2028;;;1.05;0.1;Trimestral;Act/360;Act/360;0.1;Trimestral;Não;Não;Validado BO;1;0;Taxa Variável;Colocacao directa da emissao;Sim;Nao;Nao;;PRT
PC1102;REVIGRES - 2024;BANCO SANTANDER TOTTA;6245;EUR;2000000;2000000;23/04/2024;23/04/2029;;;0.6;0.05;Semestral;Act/360;Act/360;0.15;Semestral;Sim;Não;Validado BO;0;0;Taxa Variável;Colocacao directa da emissao;Sim;Nao;Nao;BATALHA;PRT
PC1103;LAFITTE - 2024;BANCO SANTANDER TOTTA;6226;EUR;900000;0;14/06/2024;14/06/2028;;;1.05;0.1;Trimestral;Act/360;Act/360;0.1;Trimestral;Sim;Não;Validado BO;1;0;Taxa Variável;Colocacao directa da emissao;Sim;Nao;Nao;BATALHA;PRT
PC1104;GRUPADO JMV - 2024;BANCO SANTANDER TOTTA;6581;EUR;1250000;250000;13/05/2024;13/05/2026;13/05/2025;13/04/2025;0.75;0.05;Semestral;Act/360;Act/360;0.15;Semestral;Não;Não;Validado BO;1;1;Taxa Variável;Colocacao directa da emissao;Sim;Nao;Nao;;PRT
PC1105;JULIO SILVA SAMPAIO & CA,SA - 2024;BANCO SANTANDER TOTTA;6246;EUR;1000000;0;21/06/2024;21/06/2029;;;1;0.1;Trimestral;Act/360;Act/360;0.1;Trimestral;Não;Não;Validado BO;1;0;Taxa Variável;Colocacao directa da emissao;Sim;Nao;Nao;;PRT
PC1106;J.JUSTINO NEVES, SA - 2024;BANCO SANTANDER TOTTA;6594;EUR;1500000;0;25/06/2024;25/06/2027;25/06/2025;26/05/2025;0.65;0.025;Anual;Act/360;Act/360;0.075;Anual;Sim;Não;Validado BO;1;0;Taxa Variável;Colocacao directa da emissao;Sim;Nao;Nao;BATALHA;PRT
PC1107;LAMEIRINHO 2024;BANCO SANTANDER TOTTA;6246;EUR;2000000;99500;27/06/2024;27/06/2029;;;0.6;0.05;Semestral;Act/360;Act/360;0.05;Semestral;Sim;Não;Validado BO;2;0;Taxa Variável;Colocacao directa da emissao;Sim;Nao;Nao;BATALHA;PRT
PC1108;GRESART - CERAMICA INDUSTRIAL, SA;BANCO SANTANDER TOTTA;6245;EUR;3150000;0;26/06/2024;26/06/2029;26/06/2029;27/05/2029;0.6;0.03;Semestral;Act/360;Act/360;0.07;Semestral;Sim;Não;Validado BO;1;0;Taxa Variável;Colocacao directa da emissao;Sim;Nao;Nao;BATALHA;PRT
PC1109;REGO COSTA & TAVARES, LDA - 2024;BANCO SANTANDER TOTTA;7104;EUR;3500000;0;12/06/2024;12/06/2028;;;0.45;0.05;Mensal;Act/360;Act/360;0.05;Mensal;Não;Não;Validado BO;1;0;Taxa Variável;Colocacao directa da emissao;Sim;Nao;Nao;;PRT
PC1110;NOVARROZ 2024;BANCO SANTANDER TOTTA;6226;EUR;2000000;0;26/06/2024;26/06/2029;;;0.7;0.1;Semestral;Act/360;Act/360;0.0875;Semestral;Sim;Não;Validado BO;1;0;Taxa Variável;Colocacao directa da emissao;Sim;Nao;Nao;BATALHA;PRT
PC1111;DEVELOPMENT GROUP - 2024;BANCO SANTANDER TOTTA;6245;EUR;4000000;3000000;02/07/2024;02/07/2031;02/07/2025;02/06/2025;0.75;0.05;Semestral;Act/360;Act/360;0.05;Semestral;Não;Não;Validado BO;1;0;Taxa Variável;Colocacao directa da emissao;Sim;Nao;Nao;;PRT
PC1112;GRUPADO JAPGEST 2024 BULLET;BANCO SANTANDER TOTTA;6228;EUR;5000000;3000000;27/05/2024;27/05/2026;;;0.7;0.05;Semestral;Act/360;Act/360;0.1;Semestral;Não;Não;Validado BO;1;0;Taxa Variável;Colocacao directa da emissao;Sim;Nao;Nao;;PRT
PC1113;SANTOGAL IMOB 2024;BANCO SANTANDER TOTTA;7103;EUR;7200000;2200000;26/06/2024;26/06/2025;26/06/2025;27/05/2025;0.19;0.06;Semestral;Act/360;Act/360;0.5;Semestral;Não;Não;Validado BO;1;0;Taxa Variável;Colocacao directa da emissao;Sim;Nao;Nao;;PRT
PC1114;GRUPADO CIN 2024 (3 ANOS);BANCO SANTANDER TOTTA;7102;EUR;12500000;0;27/05/2024;27/05/2027;;;0.5;0.1;Anual;Act/360;Act/360;0.4;Anual;Não;Não;Validado BO;1;0;Taxa Variável;Colocacao directa da emissao;Sim;Nao;Nao;;PRT
PC1115;GRUPADO CIN 2024 (7ANOS);BANCO SANTANDER TOTTA;7102;EUR;12500000;0;27/05/2024;27/05/2031;;;0.65;0.1;Anual;Act/360;Act/360;0.4;Anual;Não;Não;Validado BO;1;0;Taxa Variável;Colocacao directa da emissao;Sim;Nao;Nao;;PRT
PC1116;VLB TEC;BANCO SANTANDER TOTTA;6581;EUR;2000000;2000000;26/06/2024;28/06/2027;26/06/2025;27/05/2025;0.5;0.05;Anual;Act/360;Act/360;0.1;Anual;Sim;Não;Validado BO;0;0;Taxa Variável;Colocacao directa da emissao;Sim;Nao;Nao;BATALHA;PRT
PC1117;MAQFORT 2024;BANCO SANTANDER TOTTA;6581;EUR;1500000;0;26/06/2024;28/06/2027;26/06/2026;27/05/2026;0.5;0.05;Anual;Act/360;Act/360;0.1;Anual;Sim;Não;Validado BO;1;0;Taxa Variável;Colocacao directa da emissao;Sim;Nao;Nao;BATALHA;PRT
PC1118;GRUPADO EFAFLU - 2024;BANCO SANTANDER TOTTA;6707;EUR;1250000;0;03/07/2024;05/07/2027;;;0.75;0.05;Semestral;Act/360;Act/360;0.05;Semestral;Sim;Não;Validado BO;1;1;Taxa Variável;Colocacao directa da emissao;Sim;Nao;Nao;BATALHA;PRT
PC1119;OSCACER - 2024;BANCO SANTANDER TOTTA;6245;EUR;3000000;0;20/06/2024;20/06/2029;;;0.7;0.05;Semestral;Act/360;Act/360;0.1;Semestral;Sim;Não;Validado BO;1;0;Taxa Variável;Colocacao directa da emissao;Sim;Nao;Nao;BATALHA;PRT
PC1120;GRUPADO EDP 2020 II;BANCO SANTANDER TOTTA;9411;USD;112500000;0;02/07/2024;02/07/2029;;;4.864;;;;;;;Não;Não;Validado BO;1;0;Taxa Fixa;Colocacao directa da emissao;Sim;Nao;Nao;;PRT
PC1122;SIDEFARMA - 2024;BANCO SANTANDER TOTTA;6208;EUR;1500000;0;10/07/2024;12/07/2027;10/04/2025;11/03/2025;1.1;0.15;Trimestral;Act/360;Act/360;0.35;Trimestral;Não;Não;Validado BO;1;0;Taxa Variável;Colocacao directa da emissao;Sim;Nao;Nao;;PRT
PC1123;GRUPADO JAPGEST 2024 AMORTIZING;BANCO SANTANDER TOTTA;6228;EUR;5000000;5000000;27/05/2024;28/05/2029;;;0.8;0.05;Semestral;Act/360;Act/360;0.1;Semestral;Não;Não;Validado BO;0;0;Taxa Variável;Colocacao directa da emissao;Sim;Nao;Nao;;PRT
PC1124;VIALSIL 2024;BANCO SANTANDER TOTTA;6228;EUR;900000;0;10/06/2024;11/06/2029;;;0.85;0.1;Semestral;Act/360;Act/360;0.1;Semestral;Sim;Não;Validado BO;1;0;Taxa Variável;Colocacao directa da emissao;Sim;Nao;Nao;BATALHA;PRT
PC1125;GRUPADO MARTINIQUAISE - 2024;BANCO SANTANDER TOTTA;7102;EUR;14000000;8500000;17/07/2024;17/07/2031;17/07/2025;17/06/2025;0.75;0.05;Semestral;Act/360;Act/360;0.2;Semestral;Não;Não;Validado BO;2;0;Taxa Variável;Colocacao directa da emissao;Sim;Nao;Nao;;PRT
PC1126;IRMÃOS MONTEIRO 2024;BANCO SANTANDER TOTTA;6245;EUR;700000;0;18/07/2024;18/07/2029;19/07/2027;19/06/2027;1;0.05;Semestral;Act/360;Act/360;0.2;Semestral;Sim;Não;Validado BO;1;0;Taxa Variável;Colocacao directa da emissao;Sim;Nao;Nao;BATALHA;PRT
PC1127;GRUPADO TIM WE;BANCO SANTANDER TOTTA;7103;EUR;4200000;0;17/07/2024;19/07/2027;17/07/2025;17/06/2025;1.8;0.05;Trimestral;Act/360;Act/360;0.3;Trimestral;Não;Não;Validado BO;1;1;Taxa Variável;Colocacao directa da emissao;Sim;Nao;Nao;;PRT
PC1128;TRANSGRANITOS 2024;BANCO SANTANDER TOTTA;6228;EUR;750000;350000;24/07/2024;25/06/2029;;;0.55;0.1;Trimestral;Act/360;Act/360;0.1;Trimestral;Sim;Não;Validado BO;4;0;Taxa Variável;Colocacao directa da emissao;Sim;Nao;Nao;BATALHA;PRT
PC1129;CARTONAGEM EXPRESSO 2024;BANCO SANTANDER TOTTA;6246;EUR;900000;0;22/07/2024;23/07/2029;22/07/2026;22/06/2026;0.8;0.05;Trimestral;Act/360;Act/360;0.15;Trimestral;Sim;Não;Validado BO;1;0;Taxa Variável;Colocacao directa da emissao;Sim;Nao;Nao;BATALHA;PRT
PC1130;ATB 2024;BANCO SANTANDER TOTTA;6707;EUR;900000;0;12/07/2024;12/07/2028;13/07/2026;14/05/2026;0.75;0.05;Trimestral;Act/360;Act/360;0.1;Trimestral;Sim;Não;Validado BO;1;0;Taxa Variável;Colocacao directa da emissao;Sim;Nao;Nao;BATALHA;PRT
PC1131;NORS 2024;BANCO SANTANDER TOTTA;7102;EUR;15000000;0;29/07/2024;29/07/2027;29/07/2025;29/06/2025;0.5;0.05;Anual;Act/360;Act/360;0.25;Anual;Não;Não;Validado BO;1;0;Taxa Variável;Colocacao directa da emissao;Sim;Nao;Nao;;PRT
PC1132;JLS 2024;BANCO SANTANDER TOTTA;6247;EUR;4000000;0;05/08/2024;05/08/2027;05/08/2026;06/07/2026;0.4;0.075;Trimestral;Act/360;Act/360;0.025;Trimestral;Sim;Não;Validado BO;1;0;Taxa Variável;Colocacao directa da emissao;Sim;Nao;Nao;BATALHA;PRT
PC1133;CONFIAUTO 2024;BANCO SANTANDER TOTTA;6707;EUR;900000;0;12/08/2024;12/08/2027;;;1.275;0.05;Trimestral;Act/360;Act/360;0.1;Trimestral;Sim;Não;Validado BO;1;0;Taxa Variável;Colocacao directa da emissao;Sim;Nao;Nao;BATALHA;PRT
PC1134;JPM 2024;BANCO SANTANDER TOTTA;6226;EUR;2500000;0;08/08/2024;08/08/2029;;;0.75;0.1;Semestral;Act/360;Act/360;0.15;Semestral;Sim;Não;Validado BO;1;0;Taxa Variável;Colocacao directa da emissao;Sim;Nao;Nao;BATALHA;PRT
PC1135;INSPAUTO 1 MIO 2024;BANCO SANTANDER TOTTA;6226;EUR;1000000;0;08/08/2024;08/08/2028;;;0.85;0.1;Trimestral;Act/360;Act/360;0.15;Trimestral;Sim;Não;Validado BO;1;0;Taxa Variável;Colocacao directa da emissao;Sim;Nao;Nao;BATALHA;PRT
PC1136;LUSIADAS 2024;BANCO SANTANDER TOTTA;7103;EUR;10000000;5000000;29/08/2024;29/08/2029;;;1.2;0.1;Anual;Act/360;Act/360;0.35;Anual;Não;Não;Validado BO;1;0;Taxa Variável;Colocacao directa da emissao;Sim;Nao;Nao;;PRT
PC1137;GISLOTICA 2024;BANCO SANTANDER TOTTA;6210;EUR;900000;0;27/08/2024;27/08/2029;;;1;0.05;Trimestral;Act/360;Act/360;0.05;Trimestral;Não;Não;Validado BO;1;0;Taxa Variável;Colocacao directa da emissao;Sim;Nao;Nao;;PRT
PC1138;GRUPADO FERPINTA TURISMO 2024;BANCO SANTANDER TOTTA;6226;EUR;6000000;3000000;26/08/2024;27/08/2029;;;0.5;0.05;Semestral;Act/360;Act/360;0.05;Semestral;Não;Não;Validado BO;3;0;Taxa Variável;Colocacao directa da emissao;Sim;Nao;Nao;;PRT
PC1139;GRUPO SALVADOR CAETANO 2024;BANCO SANTANDER TOTTA;7102;EUR;7500000;0;02/09/2024;04/09/2028;;;0.75;0.15;Anual;Act/360;Act/360;0.5;Anual;Não;Não;Validado BO;1;0;Taxa Variável;Colocacao directa da emissao;Sim;Nao;Nao;;PRT
PC1140;PREH 2024;BANCO SANTANDER TOTTA;7102;EUR;4400000;0;30/08/2024;30/08/2028;01/09/2025;02/08/2025;0.675;0.1;Trimestral;Act/360;Act/360;0.1;Trimestral;Sim;Não;Validado BO;1;0;Taxa Variável;Colocacao directa da emissao;Sim;Nao;Nao;BATALHA;PRT
PC1141;CFPT 2024;BANCO SANTANDER TOTTA;6226;EUR;1500000;1500000;10/09/2024;10/09/2027;10/09/2026;11/08/2026;0.8;0.1;Anual;Act/360;Act/360;0.1;Anual;Sim;Não;Validado BO;0;0;Taxa Variável;Colocacao directa da emissao;Sim;Nao;Nao;BATALHA;PRT
PC1142;GRUPADO M A SILVA;BANCO SANTANDER TOTTA;6226;EUR;1750000;0;12/09/2024;12/09/2028;;;1;0.1;Semestral;Act/360;Act/360;0.15;Semestral;Sim;Não;Validado BO;3;0;Taxa Variável;Colocacao directa da emissao;Sim;Nao;Nao;BATALHA;PRT
PC1143;GRUPADO GLOBALVALOS 2024;BANCO SANTANDER TOTTA;6226;EUR;1500000;0;19/09/2024;19/09/2029;19/09/2025;20/08/2025;0.9;0.05;Semestral;Act/360;Act/360;0.2;Semestral;Não;Não;Validado BO;2;0;Taxa Variável;Colocacao directa da emissao;Sim;Nao;Nao;;PRT
PC1144;TORMETAIS 2024;BANCO SANTANDER TOTTA;6226;EUR;1000000;0;23/09/2024;24/09/2029;;;1;0.1;Trimestral;Act/360;Act/360;0.1;Trimestral;Sim;Não;Validado BO;1;0;Taxa Variável;Colocacao directa da emissao;Sim;Nao;Nao;BATALHA;PRT
PC1145;CM TIR 2024;BANCO SANTANDER TOTTA;6707;EUR;950000;0;20/09/2024;20/09/2028;21/09/2026;22/08/2026;0.75;0.1;Trimestral;Act/360;Act/360;0.1;Trimestral;Sim;Não;Validado BO;1;0;Taxa Variável;Colocacao directa da emissao;Sim;Nao;Nao;BATALHA;PRT
PC1146;VIEIRA DE CASTRO 2024;BANCO SANTANDER TOTTA;6246;EUR;5000000;5000000;25/09/2024;25/09/2029;25/09/2026;26/08/2026;0.6;0.05;Semestral;Act/360;Act/360;0.1;Semestral;Não;Não;Validado BO;0;0;Taxa Variável;Colocacao directa da emissao;Sim;Nao;Nao;;PRT
PC1147;WINDPARK;BANCO SANTANDER TOTTA;6586;EUR;750000;750000;25/09/2024;27/09/2027;25/09/2026;26/08/2026;1;0.15;Trimestral;Act/360;Act/360;0.1;Trimestral;Não;Não;Validado BO;0;0;Taxa Variável;Colocacao directa da emissao;Sim;Nao;Nao;;PRT
PC1148;EXPRESSÃO LIVRE II;BANCO SANTANDER TOTTA;7102;EUR;15000000;0;18/09/2024;18/09/2029;;;1.35;0.25;Semestral;Act/360;Act/360;0.25;Semestral;Não;Não;Validado BO;1;0;Taxa Variável;Colocacao directa da emissao;Sim;Nao;Nao;;PRT
PC1149;GRUPEIXE;BANCO SANTANDER TOTTA;6245;EUR;950000;0;13/09/2024;13/09/2027;14/09/2026;15/08/2026;1.15;0.05;Trimestral;Act/360;Act/360;0.25;Trimestral;Sim;Não;Validado BO;1;0;Taxa Variável;Colocacao directa da emissao;Sim;Nao;Nao;BATALHA;PRT
PC1150;GRUPADO ARIE 2024;BANCO SANTANDER TOTTA;6208;EUR;10000000;0;23/09/2024;23/09/2027;23/09/2025;24/08/2025;0.8;0.05;Anual;Act/360;Act/360;0.65;Anual;Não;Não;Validado BO;1;0;Taxa Variável;Colocacao directa da emissao;Sim;Nao;Nao;;PRT
PC1151;GRUPADO ETE 2024;BANCO SANTANDER TOTTA;7103;EUR;10000000;0;27/09/2024;27/09/2029;;;0.85;0.15001;Trimestral;Act/360;Act/360;0.5999;Trimestral;Não;Não;Validado BO;2;0;Taxa Variável;Colocacao directa da emissao;Sim;Nao;Nao;;PRT
PC1152;Lusomotos 2024;BANCO SANTANDER TOTTA;6245;EUR;1000000;450000;27/09/2024;27/09/2027;29/09/2025;30/08/2025;0.55;0.05;Semestral;Act/360;Act/360;0.15;Semestral;Sim;Não;Validado BO;1;0;Taxa Variável;Colocacao directa da emissao;Sim;Nao;Nao;BATALHA;PRT
PC1153;SUMOL COMPAL MARCAS;BANCO SANTANDER TOTTA;6208;EUR;5000000;0;20/09/2024;20/09/2027;;;2;0.05;Semestral;Act/360;Act/360;0.25;Semestral;Não;Não;Validado BO;1;0;Taxa Variável;Colocacao directa da emissao;Sim;Nao;Nao;;PRT
PC1154;LASKASAS 2024;BANCO SANTANDER TOTTA;6228;EUR;2000000;100000;26/09/2024;27/08/2029;28/09/2026;29/08/2026;0.55;0.1;Semestral;Act/360;Act/360;0.1;Semestral;Sim;Não;Validado BO;3;0;Taxa Variável;Colocacao directa da emissao;Sim;Nao;Nao;BATALHA;PRT
PC1155;AAPICO MAIA 2024;BANCO SANTANDER TOTTA;6210;EUR;10000000;0;01/10/2024;01/10/2029;01/10/2025;01/09/2025;1.25;0.1;Trimestral;Act/360;Act/360;0.1;Trimestral;Sim;Não;Validado BO;1;0;Taxa Variável;Colocacao directa da emissao;Sim;Nao;Nao;BATALHA;PRT
PC1156;PRIMUS 2024;BANCO SANTANDER TOTTA;6245;EUR;750000;0;10/10/2024;10/10/2030;;;0.85;0.05;Semestral;Act/360;Act/360;0.1;Semestral;Sim;Não;Validado BO;1;0;Taxa Variável;Colocacao directa da emissao;Sim;Nao;Nao;BATALHA;PRT
PC1157;MAREC - OUT 2024;BANCO SANTANDER TOTTA;6390;EUR;6000000;0;16/10/2024;16/10/2029;18/10/2027;18/09/2027;0.7;0.01;Semestral;Act/360;Act/360;0.01;Semestral;Não;Não;Validado BO;1;0;Taxa Variável;Colocacao directa da emissao;Sim;Nao;Nao;;PRT
PC1158;PETROTEC - 2024;BANCO SANTANDER TOTTA;6246;EUR;1500000;0;15/10/2024;16/10/2028;;;1.15;0.1;Trimestral;Act/360;Act/360;0.1;Trimestral;Sim;Não;Validado BO;1;0;Taxa Variável;Colocacao directa da emissao;Sim;Nao;Nao;BATALHA;PRT
PC1159;GRUPADO C SANTOS - 2024;BANCO SANTANDER TOTTA;6581;EUR;4000000;0;30/09/2024;01/10/2029;30/09/2026;31/08/2026;0.9;0.1;Semestral;Act/360;Act/360;0.05;Semestral;Sim;Não;Validado BO;2;0;Taxa Variável;Colocacao directa da emissao;Sim;Nao;Nao;BATALHA;PRT
PC1160;EPORIFRUTAS,SA - 2024;BANCO SANTANDER TOTTA;6593;EUR;1000000;200000;21/10/2024;22/10/2029;21/10/2026;21/09/2026;1.25;0.1;Semestral;Act/360;Act/360;0.1;Semestral;Sim;Não;Validado BO;2;0;Taxa Variável;Colocacao directa da emissao;Sim;Nao;Nao;BATALHA;PRT
PC1161;SABSEG - 2024;BANCO SANTANDER TOTTA;6707;EUR;1500000;500000;30/09/2024;30/09/2027;30/09/2025;31/08/2025;1;0.1;Semestral;Act/360;Act/360;0.1;Semestral;Não;Não;Validado BO;1;0;Taxa Variável;Colocacao directa da emissao;Sim;Nao;Nao;;PRT
PC1162;BONDALTI - 2024;BANCO SANTANDER TOTTA;9411;EUR;11000000;0;14/10/2024;14/04/2026;;;1.65;0.05;Semestral;Act/360;Act/360;0.25;Semestral;Não;Não;Validado BO;1;0;Taxa Variável;Colocacao directa da emissao;Sim;Nao;Nao;;PRT
PC1163;EUROGALVA;BANCO SANTANDER TOTTA;6226;EUR;3350000;0;25/10/2024;25/10/2029;25/10/2027;25/09/2027;1;0.1;Trimestral;Act/360;Act/360;0.15;Trimestral;Sim;Não;Validado BO;1;0;Taxa Variável;Colocacao directa da emissao;Sim;Nao;Nao;BATALHA;PRT
PC1164;CLOROSOL;BANCO SANTANDER TOTTA;6246;EUR;750000;0;31/10/2024;31/10/2029;31/10/2026;01/10/2026;0.8;0.1;Semestral;Act/360;Act/360;0.1;Semestral;Sim;Não;Validado BO;1;0;Taxa Variável;Colocacao directa da emissao;Sim;Nao;Nao;BATALHA;PRT
PC1165;CARVITIN;BANCO SANTANDER TOTTA;6707;EUR;1450000;0;28/10/2024;29/10/2029;28/10/2026;28/09/2026;0.6;0.0375;Trimestral;Act/360;Act/360;0.0375;Trimestral;Sim;Não;Validado BO;1;0;Taxa Variável;Colocacao directa da emissao;Sim;Nao;Nao;BATALHA;PRT
PC1166;OGMA 2024;BANCO SANTANDER TOTTA;7103;EUR;15000000;5000000;27/09/2024;27/09/2029;29/09/2025;30/08/2025;1.75;0.1;Anual;Act/360;Act/360;0.15;Anual;Não;Não;Validado BO;1;0;Taxa Variável;Colocacao directa da emissao;Sim;Nao;Nao;;PRT
PC1167;MOTRINDE - 2024;BANCO SANTANDER TOTTA;6245;EUR;2000000;0;11/11/2024;12/11/2029;;;0.8;0.05;Trimestral;Act/360;Act/360;0.1;Trimestral;Sim;Não;Validado BO;1;0;Taxa Variável;Colocacao directa da emissao;Sim;Nao;Nao;BATALHA;PRT
PC1168;BRISA CONCESSÃO IV;BANCO SANTANDER TOTTA;9411;EUR;135000000;0;30/12/2024;31/12/2029;;;0.55;;;;Act/360;0.08;Semestral;Não;Não;Validado BO;1;0;Taxa Variável;Colocacao directa da emissao;Nao;Nao;Nao;;PRT
PC1169;NABEIROGEST 2024;BANCO SANTANDER TOTTA;6380;EUR;5000000;0;18/11/2024;04/02/2026;04/02/2026;05/01/2026;0.4;0.05;Mensal;Act/360;Act/360;0.25;Mensal;Não;Não;Validado BO;1;1;Taxa Variável;Colocacao directa da emissao;Sim;Nao;Nao;;PRT
PC1170;A PADARIA PORTUGUESA 2024;BANCO SANTANDER TOTTA;6704;EUR;2000000;0;18/11/2024;19/11/2029;18/11/2025;19/10/2025;0.75;0.06;Anual;Act/360;Act/360;0.05;Anual;Não;Não;Validado BO;1;0;Taxa Variável;Colocacao directa da emissao;Sim;Nao;Nao;;PRT
PC1171;SODÉCIA AMORTIZING 2024;BANCO SANTANDER TOTTA;6210;EUR;15000000;10200000;12/11/2024;12/11/2029;;;0.7;0.05;Trimestral;Act/360;Act/360;0.05;Trimestral;Não;Não;Validado BO;1;0;Taxa Variável;Colocacao directa da emissao;Sim;Nao;Nao;;PRT
PC1172;BRASMAR 2024;BANCO SANTANDER TOTTA;7102;EUR;5000000;0;29/10/2024;29/10/2029;;;0.7;0.1;Semestral;Act/360;Act/360;0.05;Semestral;Sim;Não;Validado BO;1;0;Taxa Variável;Colocacao directa da emissao;Sim;Nao;Nao;BATALHA;PRT
PC1173;SODÉCIA BULLET 2024;BANCO SANTANDER TOTTA;6210;EUR;20000000;13000000;12/11/2024;12/11/2027;12/11/2025;13/10/2025;0.6;0.05;Trimestral;Act/360;Act/360;0.05;Trimestral;Não;Não;Validado BO;1;0;Taxa Variável;Colocacao directa da emissao;Sim;Nao;Nao;;PRT
PC1174;BI-SILQUE 2024;BANCO SANTANDER TOTTA;6245;EUR;950000;0;27/11/2024;27/11/2028;27/05/2027;27/04/2027;1.65;0.05;Trimestral;Act/360;Act/360;0.2;Trimestral;Sim;Não;Validado BO;1;0;Taxa Variável;Colocacao directa da emissao;Sim;Nao;Nao;BATALHA;PRT
PC1175;CMM 2024;BANCO SANTANDER TOTTA;6245;EUR;750000;0;26/11/2024;26/11/2029;26/11/2026;27/10/2026;1.35;0.05;Semestral;Act/360;Act/360;0.175;Semestral;Sim;Não;Validado BO;1;0;Taxa Variável;Colocacao directa da emissao;Sim;Nao;Nao;BATALHA;PRT
PC1176;ASPOCK 2024;BANCO SANTANDER TOTTA;6226;EUR;1500000;0;08/11/2024;08/11/2029;;;0.65;0.05;Semestral;Act/360;Act/360;0.15;Semestral;Sim;Não;Validado BO;1;0;Taxa Variável;Colocacao directa da emissao;Sim;Nao;Nao;BATALHA;PRT
PC1177;BANEMA SA - 2024;BANCO SANTANDER TOTTA;6228;EUR;950000;0;25/11/2024;25/10/2029;25/11/2027;26/10/2027;0.7;0.1;Trimestral;Act/360;Act/360;0.1;Trimestral;Sim;Não;Validado BO;1;0;Taxa Variável;Colocacao directa da emissao;Sim;Nao;Nao;BATALHA;PRT
PC1178;ENERMUNDO 2024;BANCO SANTANDER TOTTA;6228;EUR;1000000;0;26/11/2024;27/11/2028;26/11/2026;27/10/2026;0.8;0.1;Semestral;Act/360;Act/360;0.1;Semestral;Sim;Não;Validado BO;1;0;Taxa Variável;Colocacao directa da emissao;Sim;Nao;Nao;BATALHA;PRT
PC1179;ASCENDUM 2024;BANCO SANTANDER TOTTA;7102;EUR;15000000;10000000;15/11/2024;15/11/2029;;;0.3;0.2;Anual;Act/360;Act/360;0.07;Anual;Não;Não;Validado BO;1;0;Taxa Variável;Colocacao directa da emissao;Sim;Nao;Nao;;PRT
PC1180;DE PRADO FAMILY 2024;BANCO SANTANDER TOTTA;6380;EUR;10000000;7000000;26/11/2024;26/11/2029;26/11/2025;27/10/2025;0.5;0.05;Anual;Act/360;Act/360;0.2;Anual;Não;Não;Validado BO;1;0;Taxa Variável;Colocacao directa da emissao;Sim;Nao;Nao;;PRT
PC1181;DE PRADO TOTAL;BANCO SANTANDER TOTTA;6380;EUR;15000000;15000000;26/11/2024;26/11/2029;26/11/2027;27/10/2027;0.5;0.05;Anual;Act/360;Act/360;0.2;Anual;Não;Não;Validado BO;0;0;Taxa Variável;Colocacao directa da emissao;Sim;Nao;Nao;;PRT
PC1182;MEIGAL 2024;BANCO SANTANDER TOTTA;6594;EUR;15000000;14000000;06/12/2024;06/12/2029;08/12/2025;08/11/2025;0.2;0.05;Trimestral;Act/360;Act/360;0.1;Trimestral;Não;Não;Validado BO;1;0;Taxa Variável;Colocacao directa da emissao;Sim;Nao;Nao;;PRT
PC1183;DUVALLI,SA 2025;BANCO SANTANDER TOTTA;6226;EUR;1000000;0;03/01/2025;03/01/2030;;;0.8;0.1;Trimestral;Act/360;Act/360;0.05;Trimestral;Sim;Não;Validado BO;1;0;Taxa Variável;Colocacao directa da emissao;Sim;Nao;Nao;BATALHA;PRT
PC1184;NORDESFER 2024;BANCO SANTANDER TOTTA;6210;EUR;950000;0;26/11/2024;27/11/2028;;;0.8;0.1;Trimestral;Act/360;Act/360;0.05;Trimestral;Sim;Não;Validado BO;1;0;Taxa Variável;Colocacao directa da emissao;Sim;Nao;Nao;BATALHA;PRT
PC1185;GRUPADO MOAGENS CERES 2024;BANCO SANTANDER TOTTA;6581;EUR;3800000;3450000;10/12/2024;10/12/2029;10/12/2026;10/11/2026;0.7;0.05;Semestral;Act/360;Act/360;0.1;Semestral;Sim;Não;Validado BO;2;0;Taxa Variável;Colocacao directa da emissao;Sim;Nao;Nao;BATALHA;PRT
PC1186;PATINTER 2024;BANCO SANTANDER TOTTA;6247;EUR;5000000;3000000;30/12/2024;31/12/2029;30/12/2027;30/11/2027;0.3;0.05;Semestral;Act/360;Act/360;0.15;Semestral;Sim;Não;Validado BO;1;0;Taxa Variável;Colocacao directa da emissao;Sim;Nao;Nao;BATALHA;PRT
PC1187;COOPLECNORTE 2024;BANCO SANTANDER TOTTA;6228;EUR;4500000;4500000;11/12/2024;12/11/2029;;;0.6;0.05;Anual;Act/360;Act/360;0.05;Anual;Sim;Não;Validado BO;0;0;Taxa Variável;Colocacao directa da emissao;Sim;Nao;Nao;BATALHA;PRT
PC1188;GELCENTRO;BANCO SANTANDER TOTTA;6586;EUR;1000000;1000000;16/12/2024;17/12/2029;;;1;0.25;Trimestral;Act/360;Act/360;0.1;Trimestral;Sim;Não;Validado BO;0;0;Taxa Variável;Colocacao directa da emissao;Sim;Nao;Nao;BATALHA;PRT
PC1189;GRUPADO NUTRINVEST 2024 (2);BANCO SANTANDER TOTTA;7103;EUR;5000000;0;23/12/2024;27/12/2028;;;1;0.1;Semestral;Act/360;Act/360;0.4;Semestral;Não;Não;Validado BO;2;0;Taxa Variável;Colocacao directa da emissao;Sim;Nao;Nao;;PRT
PC1190;GRUPADO NUTRINVEST 2024 2024 (1);BANCO SANTANDER TOTTA;7103;EUR;5000000;0;23/12/2024;27/12/2028;;;1;0.1;Semestral;Act/360;Act/360;0.4;Semestral;Não;Não;Validado BO;2;0;Taxa Variável;Colocacao directa da emissao;Sim;Nao;Nao;;PRT
PC1191;GRUPADO AUTOZITANIA 2024;BANCO SANTANDER TOTTA;6593;EUR;2000000;600000;27/12/2024;27/12/2029;29/12/2025;29/11/2025;1.2;0.1;Anual;Act/360;Act/360;0.1;Anual;Não;Não;Validado BO;2;0;Taxa Variável;Colocacao directa da emissao;Sim;Nao;Nao;;PRT
PC1192;TRANSWHITE;BANCO SANTANDER TOTTA;6239;EUR;1000000;250000;27/12/2024;27/12/2028;29/12/2025;29/11/2025;1;0.2;Mensal;Act/360;Act/360;0.2;Mensal;Não;Não;Validado BO;3;0;Taxa Variável;Colocacao directa da emissao;Sim;Nao;Nao;;PRT
PC1193;GRUPADO ETE 2025;BANCO SANTANDER TOTTA;7103;EUR;15000000;0;06/01/2025;07/01/2030;;;1.45;0.05;Anual;Act/360;Act/360;0.45;Anual;Não;Não;Validado BO;1;0;Taxa Variável;Colocacao directa da emissao;Sim;Nao;Nao;;PRT
PC1194;GRUPADO JOAQUIM CHAVES 2024;BANCO SANTANDER TOTTA;6208;EUR;2000000;0;07/01/2025;07/01/2028;;;1.25;0.15;Semestral;Act/360;Act/360;0.6;Semestral;Não;Não;Validado BO;1;0;Taxa Variável;Colocacao directa da emissao;Sim;Nao;Nao;;PRT
PC1195;MARTINS DA CRUZ & CRUZ 2025;BANCO SANTANDER TOTTA;6707;EUR;3000000;0;13/01/2025;15/12/2025;;;0.8;0.05;Anual;Act/360;Act/360;0.15;Anual;Não;Não;Validado BO;1;0;Taxa Variável;Colocacao directa da emissao;Sim;Nao;Nao;;PRT
PC1196;DIASDOURO UNIPESSOAL 2025;BANCO SANTANDER TOTTA;6707;EUR;2000000;2000000;20/01/2025;20/12/2029;21/07/2025;21/06/2025;0.6;0.05;Semestral;Act/360;Act/360;0.15;Semestral;Não;Não;Validado BO;0;0;Taxa Variável;Colocacao directa da emissao;Sim;Nao;Nao;;PRT
PC1197;GLINTT 2025;BANCO SANTANDER TOTTA;7103;EUR;3000000;0;30/01/2025;30/01/2030;;;1.75;0.05;Trimestral;Act/360;Act/360;0.35;Trimestral;Não;Não;Validado BO;1;0;Taxa Variável;Colocacao directa da emissao;Sim;Nao;Nao;;PRT
PC1198;INDUMAPE,SA 2025;BANCO SANTANDER TOTTA;6594;EUR;750000;350000;03/02/2025;01/02/2030;03/02/2026;04/01/2026;1.1;0.025;Anual;Act/360;Act/360;0.175;Anual;Não;Não;Validado BO;2;0;Taxa Variável;Colocacao directa da emissao;Sim;Nao;Nao;;PRT
PC1199;ARCEN ENGENHARIA 2024;BANCO SANTANDER TOTTA;6581;EUR;1000000;0;07/02/2025;07/02/2029;09/02/2026;10/01/2026;0.8;0.05;Trimestral;Act/360;Act/360;0.1;Trimestral;Não;Não;Validado BO;1;0;Taxa Variável;Colocacao directa da emissao;Sim;Nao;Nao;;PRT
PC1200;GRUPADO CARTONAGEM TRINDADE 2025;BANCO SANTANDER TOTTA;6226;EUR;5000000;3000000;18/02/2025;18/02/2030;;;0.9;0.05;Semestral;Act/360;Act/360;0.1;Semestral;Não;Não;Validado BO;1;0;Taxa Variável;Colocacao directa da emissao;Sim;Nao;Nao;;PRT
PC1201;RELVAS II 2025;BANCO SANTANDER TOTTA;6226;EUR;1000000;0;17/02/2025;17/02/2026;;;0.8;0.1;Mensal;Act/360;Act/360;0.15;Mensal;Não;Não;Validado BO;1;0;Taxa Variável;Colocacao directa da emissao;Sim;Nao;Nao;;PRT
PC1202;PANIKE 2025;BANCO SANTANDER TOTTA;6581;EUR;5000000;5000000;12/02/2025;12/02/2029;12/02/2026;13/01/2026;0.7;0.1;Anual;Act/360;Act/360;0.15;Anual;Não;Não;Validado BO;0;0;Taxa Variável;Colocacao directa da emissao;Sim;Nao;Nao;;PRT
PC1203;ARCOL, SA 2025;BANCO SANTANDER TOTTA;6246;EUR;1500000;1500000;21/02/2025;21/02/2030;;;0.8;0.1;Trimestral;Act/360;Act/360;0.1;Trimestral;Não;Não;Validado BO;0;0;Taxa Variável;Colocacao directa da emissao;Sim;Nao;Nao;;PRT
