?an2 Termik A.S.;TRECAN200011;;TURKEY
3R Petroleum Oleo e Gas SA;BRRRRPACNOR5;;BRAZIL
88 Energy Limited;AU00000088E2;;AUSTRALIA
AAG Energy Holdings Limited;KYG000371040;;HONG KONG
AB Ignitis grupe;LT0000115768;;LITHUANIA
Abraxas Petroleum Corporation;US0038303048;MZ7PUO5D10MMXGVVPY36;UNITED STATES
Absolute Clean Energy Public Company Limited;TH8906010005;;THAILAND
Abu Dhabi National Energy Company PJSC;AEA002401015;213800UNJSVQFNUYYW03;UNITED ARAB EMIRATES
ACWA POWER Company;SA15CGS10H12;;SAUDI ARABIA
Adani Enterprises Limited;INE423A01024;335800OTN96B3M38HC30;INDIA
Adani Power Limited;INE814H01011;33580074T4XKFXBDG813;INDIA
Adani Total Gas Limited;INE399L01023;335800XLXJ32DBM6H567;INDIA
ADNOC Drilling Company P.J.S.C.;AEA007301012;;UNITED ARAB EMIRATES
Advanced Petrochemical Company;SA000A0LE310;;SAUDI ARABIA
Advantage Energy Ltd.;CA00791P1071;549300WK5YRPOB2DTT64;CANADA
Aenza S.A.A.;PEP736581005;;PERU
AES Andes S.A.;CL0002694637;549300IF4IFG0FS0RM26;CHILE
African Rainbow Minerals Limited;ZAE000054045;529900L3TPSCK8ZVZ589;SOUTH AFRICA
Afrimat Limited;ZAE000086302;;SOUTH AFRICA
AJ Lucas Group Limited;AU000000AJL1;549300KN26ILGEGJM323;AUSTRALIA
Aker Solutions ASA;NO0010716582;5967007LIEEXZXG42836;NORWAY
Aksa Enerji Uretim AS;TREAKSN00011;789000KQC5JTW1S3JG98;TURKEY
Albioma;FR0000060402;9695002W8GRJRZ44MA62;FRANCE
Alexandria Mineral Oils Company;EGS380P1C010;213800ZVQ7RT74VIA832;EGYPT
Allegiance Coal Limited;AU000000AHQ4;;AUSTRALIA
ALLETE, Inc.;US0185223007;549300NNLSIMY6Z8OT86;UNITED STATES
Alpha Metallurgical Resources, Inc.;US0207641061;;UNITED STATES
AltaGas Ltd.;CA0213611001;549300D7A8QA85Z2MH11;CANADA
Alujain Corporation;SA0007879345;;SAUDI ARABIA
American Resources Corporation;US02927U2087;;UNITED STATES
Amplify Energy Corp.;US03212B1035;5493004I7HNFR19BUZ55;UNITED STATES
Ampol Limited;AU0000088338;5493009TD1CGVRZ27U11;AUSTRALIA
Anhui Hengyuan Coal Industry and Electricity Power Co.,Ltd;CNE000001KT3;;CHINA
Antero Midstream Corporation;US03676B1026;;UNITED STATES
Antero Resources Corporation;US03674X1063;;UNITED STATES
Anton Oilfield Services Group;KYG039991024;30030021ZM71H1GIKX11;CHINA
Anyuan Coal Industry Group Co., Ltd.;CNE000001BR6;;CHINA
APA Corporation;US03743Q1085;72ZZ1XRHOOU9P9X16K08;UNITED STATES
APA Group;AU000000APA1;549300T9RBSX164T8H40;AUSTRALIA
Apex Investment PSC;AER000401011;;UNITED ARAB EMIRATES
ARC Resources Ltd.;CA00208D4084;FIR47I6FEYKYNJBYW622;CANADA
Arch Resources, Inc.;US03940R1077;W47HVZ7Q6FXL86RELH91;UNITED STATES
Archaea Energy Inc.;US03940F1030;;UNITED STATES
Archer Limited;BMG0451H2087;549300D1D5TS4O1V4923;BERMUDA
Archrock, Inc.;US03957W1062;549300K3RIHMHDVFTL28;UNITED STATES
Ardova Plc;NGAP00000004;0292005445B7TF1H9540;NIGERIA
Ascopiave S.p.A.;IT0004093263;;ITALY
Astec Industries, Inc.;US0462241011;;UNITED STATES
ATCO Ltd.;CA0467894006;5299005SPZ1QYL51JD25;CANADA
Athabasca Oil Corporation;CA04682R1073;549300STK2KBVO6WED71;CANADA
Atmos Energy Corporation;US0495601058;QVLWEGTD2S8GJMO8D383;UNITED STATES
Attock Petroleum Limited;PK0082901015;;PAKISTAN
Attock Refinery Limited;PK0024501014;;PAKISTAN
AusNet Pty Ltd;AU000000AST5;;AUSTRALIA
Avista Corporation;US05379B1070;Q0IK63NITJD6RJ47SW96;UNITED STATES
Aygaz A.S.;TRAAYGAZ91E0;7890000PALXE0100Q814;TURKEY
B.Grimm Power Public Company Limited;TH7545010004;9845006CC45C6B3BD577;THAILAND
Baker Hughes Company;US05722G1004;;UNITED STATES
Balmer Lawrie & Co. Ltd.;INE164A01016;3358003SURMYLPZHV529;INDIA
Bangchak Corporation Public Company Limited;TH0420010Y01;254900M7L6ML94L1YX58;THAILAND
Bangchak Sriracha Public Company Limited;TH0975010008;529900B0FJ7G35MF2S50;THAILAND
Bangkok Aviation Fuel Services Public Company Limited;TH0669010Z02;;THAILAND
Banpu Power Public Company Limited;TH7462010003;;THAILAND
Banpu Public Company Limited;TH0148A10Z06;529900AJ2Z6SUR6TSW75;THAILAND
Baotailong New Materials Co., Ltd.;CNE100001112;;CHINA
BASF India Limited;INE373A01013;;INDIA
Bathurst Resources Limited;NZBRLE0001S4;254900H5WZ9DXLTBKY38;NEW ZEALAND
Battalion Oil Corporation;US07134L1070;3XHTN2NNIMMPORDAMJ28;UNITED STATES
BAUER Aktiengesellschaft;DE0005168108;;GERMANY
Baytex Energy Corp.;CA07317Q1054;549300R5LTV2H7I1I079;CANADA
Beach Energy Limited;AU000000BPT9;;AUSTRALIA
Beijing Gas Blue Sky Holdings Limited;BMG095871098;549300D9WFI6G10MLL93;HONG KONG
Beijing Haixin Energy Technology Co.,Ltd.;CNE100000NP6;;CHINA
Beijing Haohua Energy Resource Co., Ltd.;CNE100000N12;;CHINA
Beijing Jingneng Clean Energy Co., Limited;CNE100001336;300300V2LM8I1L2JUP40;CHINA
Beijing Jingneng Power Co., Ltd.;CNE000001B82;;CHINA
BEIJING WATER BUSINESS DOCTOR CO., LTD.;CNE100000LR6;;CHINA
BEML Limited;INE258A01016;3358007DC3PHINKKO238;INDIA
Berkshire Hathaway Inc.;US0846701086;;UNITED STATES
Berry Corporation;US08579X1019;;UNITED STATES
Bestsun Energy Co., Ltd.;CNE0000003J7;;CHINA
Bharat Petroleum Corporation Limited;INE029A01011;8GRDBX1TJ0PU5NCSHT72;INDIA
Biglari Holdings Inc.;US08986R4083;;UNITED STATES
Birchcliff Energy Ltd.;CA0906971035;5493000BBN3EF2L0XW29;CANADA
Bisichi PLC;GB0001012045;213800RRWN6ZBPW2ZV03;UNITED KINGDOM
Black Hills Corporation;US0921131092;3MGELCRSTNSAMJ962671;UNITED STATES
BlackGold Natural Resources Limited;SG1AH0000001;;SINGAPORE
BlueNord ASA;NO0010379266;5967007LIEEXZXGE3C16;NORWAY
Boart Longyear Group Ltd.;AU000000BLY8;549300GTMW4DNIWH3044;UNITED STATES
Bonterra Energy Corp.;CA0985461049;529900VJOU2CH2WZ6949;CANADA
Borr Drilling Limited;BMG1466R1732;213800J2JPCTXLHQ5R78;BERMUDA
Bowen Coking Coal Limited;AU000000BCB5;;AUSTRALIA
Brookfield Infrastructure Corporation;CA11275Q1072;;UNITED STATES
Brunswick Corporation;US1170431092;YM4O38W15AX4YLLQKU27;UNITED STATES
Buffalo Coal Corp.;CA1194421014;;SOUTH AFRICA
Bumech S.A.;PLBMECH00012;;POLAND
Buru Energy Limited;AU000000BRU3;;AUSTRALIA
BW Energy Limited;BMG0702P1086;;NORWAY
BW Offshore Limited;BMG1738J1247;2138008LFKH8V2EOA915;BERMUDA
Cactus, Inc.;US1272031071;549300J3T8C9F8QFKV08;UNITED STATES
Cadogan Energy Solutions Plc;GB00B12WC938;213800JIBKL29FAK1213;UNITED KINGDOM
Calfrac Well Services Ltd.;CA1295844056;54930072S07WJGD7TA28;CANADA
California Resources Corporation;US13057Q3056;;UNITED STATES
Callon Petroleum Company;US13123X5086;549300EFOWPEB0WLZW21;UNITED STATES
Camber Energy, Inc.;US13200M6075;;UNITED STATES
Canacol Energy Ltd;CA1348083025;549300X5MNRWPMSM9N14;CANADA
Canadian Natural Resources Limited;CA1363851017;549300T15RIMIKZC5Q38;CANADA
Canadian Utilities Limited;CA1367178326;;CANADA
Capital Limited;BMG022411000;213800XG175G91JW8W37;MAURITIUS
Capital Power Corporation;CA14042M1023;549300QRKTEXGXYVPO80;CANADA
Capricorn Energy PLC;GB00BRJ7R218;213800ZJEUQ8ZOC9AL24;UNITED KINGDOM
Cardinal Energy Ltd.;CA14150G4007;54930032PTI7XWCLOD92;CANADA
Castrol India Limited;INE172A01027;335800KCNMKXQFPJ5Q28;INDIA
Cenovus Energy Inc.;CA15135U1093;549300F4XPHJ7NOSP309;CANADA
CenterPoint Energy, Inc.;US15189T1079;21TPXMRRHFKOBHDC8J74;UNITED STATES
CES Energy Solutions Corp.;CA15713J1049;984500NF54914EB1B646;CANADA
CESC Limited;INE486A01021;3358009RW8LFOENISG12;INDIA
CGG;FR0013181864;969500FCVQ5SLAAUJV59;FRANCE
CGN New Energy Holdings Co., Ltd.;BMG202981087;;HONG KONG
ChampionX Corporation;US15872M1045;549300EP2909K6DYYP38;UNITED STATES
Channel Infrastructure NZ Limited;NZNZRE0001S9;984500A6695797B1E679;NEW ZEALAND
Chengdu Gas Group Corporation Ltd.;CNE100003Y73;;CHINA
Chengzhi Co., Ltd.;CNE0000013G2;;CHINA
Chennai Petroleum Corporation Limited;INE178A01016;335800VZV5PBKV784666;INDIA
Chesapeake Energy Corporation;US1651677353;;UNITED STATES
Chesapeake Utilities Corporation;US1653031088;254900WW0FDCKAOCKE74;UNITED STATES
China Aluminum International Engineering Corporation Limited;CNE1000036M9;52990058EMBE0I47CI71;CHINA
China Coal Energy Company Limited;CNE100000528;529900KRC89344UI3Z10;CHINA
China Coal Xinji Energy Co.,Ltd;CNE1000008D7;300300CE1JVPWVDT9H80;CHINA
China Energy Development Holdings Limited;KYG2153W1033;;HONG KONG
China Everbright Greentech Limited;KYG2R55E1030;;HONG KONG
China First Heavy Industries;CNE100000L48;300300XL9QDDBPWJKK85;CHINA
China Gas Holdings Limited;BMG2109G1033;254900KTSZLZ21VV8T33;HONG KONG
China Huarong Energy Company Limited;KYG2116D1198;529900W27M5FY6F1H758;HONG KONG
China Oil And Gas Group Limited;BMG2155W1010;52990063CVI7GDV4JZ06;HONG KONG
China Oil HBP Science & Technology Co., Ltd;CNE1000010K8;;CHINA
China Oilfield Services Limited;CNE1000002P4;529900J4X53VL8QQW675;CHINA
China Oriental Group Company Limited;BMG2108V1019;;HONG KONG
China Petroleum & Chemical Corporation;CNE1000002Q2;529900A2OB24EZ5B3J19;CHINA
China Power International Development Limited;HK2380027329;529900MDOW3M0UV2ST42;HONG KONG
China Qinfa Group Limited;KYG2159E1070;;HONG KONG
China Resources Gas Group Limited;BMG2113B1081;529900A0E1J5JSOKEK83;HONG KONG
China Resources Power Holdings Company Limited;HK0836012952;529900K60FC0AI053735;HONG KONG
China Risun Group Limited;KYG2120H1065;;CHINA
China Shenhua Energy Company Limited;CNE1000002R0;529900N9JOX4C108MA40;CHINA
China Shuifa Singyes Energy Holdings Limited;BMG2161E1113;;HONG KONG
China Suntien Green Energy Corporation Limited;CNE100000TW9;529900JAYC5BYZPWOK13;CHINA
Chongqing Gas Group Corporation Ltd.;CNE100001V03;;CHINA
Cia Gas de Sao Paulo - COMGAS;BRCGASACNPA3;;BRAZIL
CITIC Resources Holdings Limited;BMG2155Y1075;;HONG KONG
Civitas Resources, Inc.;US17888H1032;IIVIHPH28S64K95M2381;UNITED STATES
CK Infrastructure Holdings Limited;BMG2178K1009;5299005U11RQ1C27MR12;HONG KONG
CK Power Public Company Limited;TH4536010Z09;;THAILAND
CLP Holdings Limited;HK0002007356;25490002BUTSMP94GO68;HONG KONG
CNOOC Energy Technology & Services Limited;CNE100003L78;;CHINA
CNX Resources Corporation;US12653C1080;549300JK3KH8PWM3B226;UNITED STATES
Coal India Limited;INE522F01014;335800NLJQZNHM9LBB31;INDIA
Coastal Contracts Bhd;MYL5071OO005;;MALAYSIA
COLBUN SA;CLP3615W1037;5493003VQJLE2QB8IF36;CHILE
Comstock Resources, Inc.;US2057683029;I03QQGEA4SS774AURI46;UNITED STATES
CONSOL Energy Inc.;US20854L1089;549300YJCTPJBTK7IJ81;UNITED STATES
Continental Resources, Inc.;US2120151012;XXRTID9RYWOZ0UPIVR53;UNITED STATES
ContourGlobal Limited;GB00BF448H58;;UNITED KINGDOM
Cooper Energy Limited;AU000000COE2;261700Y30XMDCWR50Z59;AUSTRALIA
Core Laboratories Inc.;US21867A1051;;NETHERLANDS
CorEnergy Infrastructure Trust, Inc.;US21870U3041;549300RWMFYIPNXWXM78;UNITED STATES
Coronado Global Resources Inc.;AU0000026122;;AUSTRALIA
Cosmo Energy Holdings Co., Ltd.;JP3298000005;353800Y4GZ7KR5X7L150;JAPAN
Coterra Energy Inc.;US1270971039;FCNMH6O7VWU7LHXMK351;UNITED STATES
Crescent Energy Company;US44952J1043;;UNITED STATES
Crescent Point Energy Corp.;CA22576C1014;549300FTKUHZK8OC7N74;CANADA
Crew Energy Inc.;CA2265331074;529900WOX8H1HMGYTL31;CANADA
CSI Compressco LP;US12637A1034;549300STALDQYSVEO325;UNITED STATES
CST Group Limited;KYG2586J1177;2138006VAWTJT57PQ586;HONG KONG
CVR Energy, Inc.;US12662P1084;529900SOYZIXZBTXB558;UNITED STATES
Dagang NeXchange Berhad;MYL4456OO009;;MALAYSIA
Daldrup & Soehne AG;DE0007830572;529900ZRINMVRLGE9A07;GERMANY
Dana Gas PJSC;AED000701014;254900RDMPHWDEJBUW56;UNITED ARAB EMIRATES
Darma Henwa Tbk PT;ID1000107303;254900YLHTGEKRQH3Z12;INDONESIA
DaTang HuaYin Electric Power CO.,LTD;CNE000000M56;300300E163Y687YNAG06;CHINA
Datang International Power Generation Co., Ltd.;CNE1000002Z3;213800VW156IS7SJUL96;CHINA
Dayang Enterprise Holdings Bhd;MYL5141OO006;;MALAYSIA
Delek Group Ltd.;IL0010841281;213800CYKA4XE2HZZB09;ISRAEL
Delek US Holdings, Inc.;US24665A1034;5493003O53JMENV1N385;UNITED STATES
Denbury Inc.;US24790A1016;549300KCWA5W52MS5559;UNITED STATES
Deutsche Rohstoff AG;DE000A0XYG76;529900NNSQCX28FWBW79;GERMANY
Devon Energy Corporation;US25179M1036;54930042348RKR3ZPN35;UNITED STATES
Dialog Group Berhad;MYL7277OO006;;MALAYSIA
Diamond Offshore Drilling, Inc.;US25271C2017;;UNITED STATES
Diamondback Energy, Inc.;US25278X1090;549300R22LSX6OHWEN64;UNITED STATES
Diversified Energy Company PLC;GB00BQHP5P93;213800YR9TFRVHPGOS67;UNITED STATES
DL Holdings CO., LTD.;KR7000210005;988400LJMYZ3ZOXJVE47;KOREA, REPUBLIC OF
DMC Global Inc.;US23291C1036;;UNITED STATES
DMCI Holdings, Inc.;PHY2088F1004;;PHILIPPINES
DNO ASA;NO0003921009;5967007LIEEXZXH3K072;NORWAY
Dommo Energia S.A.;BRDMMOACNOR0;254900VV84SMDXCU2986;BRAZIL
Dongsung Chemical Co., Ltd.;KR7102260007;;KOREA, REPUBLIC OF
Dril-Quip, Inc.;US2620371045;5299007REICYIJNMW197;UNITED STATES
DT Midstream, Inc.;US23345M1071;;UNITED STATES
DTE Energy Company;US2333311072;549300IX8SD6XXD71I78;UNITED STATES
Dyna-Mac Holdings Ltd.;SG2C93967918;;SINGAPORE
Earthstone Energy, Inc.;US27032D3044;54930081UTV7CK45XG14;UNITED STATES
Edison S.p.A.;IT0003372205;;ITALY
EF-ON Inc.;JP3802140008;;JAPAN
Electric Power Development Co., Ltd.;JP3551200003;549300KMHPUAQI8VEH90;JAPAN
Electricite de Strasbourg Societe Anonyme;FR0000031023;;FRANCE
Electricity Generating Public Company Limited;TH0465010005;5299009MZ255FT79SF55;THAILAND
Emera Incorporated;CA2908761018;NQZVQT2P5IUF2PGA1Q48;CANADA
Empire Petroleum Corporation;US2920343033;;UNITED STATES
Enauta Participacoes S.A.;BRENATACNOR0;;BRAZIL
ENEOS Holdings, Inc.;JP3386450005;3538001KQ5SAOZSQTT44;JAPAN
Enerflex Ltd.;CA29269R1055;54930014N7872VUS3F89;CANADA
Energean plc;GB00BG12Y042;549300RVMKU0CYUZBB05;UNITED KINGDOM
Energy World Corporation Ltd;AU000000EWC5;;AUSTRALIA
ENERGY&MACHINERY KOREA Co.,Ltd.;KR7095190005;;KOREA, REPUBLIC OF
Enerplus Corporation;CA2927661025;549300OEXJU0X6FYBQ42;CANADA
Engie Energia Peru S.A.;PEP702101002;;PERU
EnLink Midstream, LLC;US29336T1007;;UNITED STATES
ENN Natural Gas Co.,Ltd.;CNE000000DG7;300300KVDMGNQNP52Z98;CHINA
EnQuest PLC;GB00B635TG28;2138008LJU6WFQWOXJ73;UNITED KINGDOM
Ensign Energy Services Inc.;CA2935701078;;CANADA
Entergy Corporation;US29364G1031;4XM3TW50JULSLG8BNC79;UNITED STATES
EOG Resources, Inc.;US26875P1012;XWTZDRYZPBUHIQBKDB46;UNITED STATES
EPI (Holdings) Limited;BMG3155U1374;;HONG KONG
Epsilon Energy Ltd.;CA2943752097;;UNITED STATES
Equital Ltd.;IL0007550176;;ISRAEL
Equitrans Midstream Corporation;US2946001011;549300RH0NLJNZ5SXU64;UNITED STATES
eREX Co.,Ltd.;JP3130830007;353800M1CP26TVM2CO37;JAPAN
Essential Utilities, Inc.;US29670G1022;;UNITED STATES
Esso S.A.F.;FR0000120669;;FRANCE
Etablissements Maurel & Prom S.A.;FR0000051070;969500ZTYI9C1C594X25;FRANCE
Evolution Petroleum Corporation;US30049A1079;549300P9ZXGJZ6SSM116;UNITED STATES
EVRAZ plc;GB00B71N6K86;5493005B7DAN39RXLK23;UNITED KINGDOM
Expro Group Holdings N.V.;NL0010556684;;UNITED STATES
Exterran Corporation;US30227H1068;;UNITED STATES
Exxaro Resources Limited;ZAE000084992;378900BC3D9BFF4E4A37;SOUTH AFRICA
First Gen Corporation;PHY2518H1143;;PHILIPPINES
First Philippine Holdings Corporation;PHY2558N1203;;PHILIPPINES
Foosung Co., Ltd.;KR7093370005;;KOREA, REPUBLIC OF
Foran Energy Group Co., Ltd.;CNE100003332;300300E183VYHWLXSZ92;CHINA
Formosa Chemicals & Fibre Corporation;TW0001326007;254900OJX8UZOAIVSU82;TAIWAN, PROVINCE OF CHINA
Formosa Petrochemical Corporation;TW0006505001;529900UWWAOQ8470E792;TAIWAN, PROVINCE OF CHINA
Formosan Union Chemical Corp.;TW0001709004;;TAIWAN, PROVINCE OF CHINA
Forum Energy Technologies, Inc.;US34984V2097;549300SF93HLCR1REE27;UNITED STATES
Friedrich Vorwerk Group SE;DE000A255F11;529900NBM89YAM5ENI18;GERMANY
Frontera Energy Corporation;CA35905B1076;A25574TZFLBNK7NWQT47;CANADA
FTS International, Inc.;US30283W3025;549300LIZ1UTOOLOZV47;UNITED STATES
Fuchs SE;DE000A3E5D64;529900SNF9E1P5ZO4P98;GERMANY
Fugro N.V.;NL00150003E1;;NETHERLANDS
Fuji Oil Company, Ltd.;JP3160300004;3538007LG6U9IRDMI062;JAPAN
Fujian Funeng Co., Ltd.;CNE000001HV5;300300TDQOLNFB5F7X23;CHINA
Fujian Snowman Co., Ltd.;CNE1000019H5;;CHINA
Furukawa Co.,Ltd.;JP3826800009;353800PX0BWY7U1VKE72;JAPAN
GAIL (India) Limited;INE129A01019;335800N82LJD42ZA5L32;INDIA
Gansu Energy Chemical Co., Ltd.;CNE000000D40;;CHINA
Gas Malaysia Berhad;MYL5209OO001;;MALAYSIA
GD Power Development Co.,Ltd;CNE000000PC0;300300BVGPH64Z7BNK97;CHINA
Gear Energy Ltd.;CA36830P1045;549300R7BXAYY82VSM16;CANADA
Gek Terna S.A.;GRS145003000;;GREECE
GELSENWASSER AG;DE0007760001;529900JGEOQMCDYOK785;GERMANY
Genel Energy Plc;JE00B55Q3P39;549300IVCJDWC3LR8F94;UNITED KINGDOM
Genesis Energy, L.P.;US3719271047;549300VJ5D6MDK138782;UNITED STATES
Geo Energy Resources Limited;SG2F24986083;254900KDTNYQVU0QS743;SINGAPORE
Geo-Jade Petroleum Corporation;CNE000000MV7;655600MHM0Q4ZOKZE835;CHINA
Gevo, Inc.;US3743964062;549300IV6EW4O1OJD686;UNITED STATES
Gibson Energy Inc.;CA3748252069;549300WYW5D9I3FR0643;CANADA
Global Partners LP;US37946R1095;549300PCHWTW9P4DU444;UNITED STATES
Global Power Synergy Public Company Limited;TH6488010005;2549009TMPQXKDVDN395;THAILAND
Golden Energy and Resources Limited;SG1AI1000008;213800WUJ9Y7IBYU8D72;SINGAPORE
Gran Tierra Energy Inc.;US38500T2006;;CANADA
Grand Ocean Advanced Resources Company Limited;KYG4065F1037;;HONG KONG
Grand Pacific Petrochemical Corporation;TW0001312007;;TAIWAN, PROVINCE OF CHINA
Grandblue Environment Co., Ltd.;CNE000001675;30030011OA5FCYNY1P78;CHINA
Granite Ridge Resources, Inc.;US3874321074;;UNITED STATES
Graphite India Limited;INE371A01025;335800VMGC17U49YJX23;INDIA
Green Leader Holdings Group Limited;BMG4165P1187;;HONG KONG
Greenvolt-Energias Renovaveis SA;PTGNV0AM0001;;PORTUGAL
GS Holdings Corp.;KR7078930005;;KOREA, REPUBLIC OF
Guangdong Baolihua New Energy Stock Co., Ltd.;CNE000000P12;;CHINA
Guangdong Chant Group Inc.;CNE1000016Z3;;CHINA
Guangdong Electric Power Development Co., Ltd.;CNE0000006J0;;CHINA
Guangdong Hongda Holdings Group Co., Ltd.;CNE100001F37;300300P4C4XSS3DX5645;CHINA
Guangdong Huate Gas Co., Ltd;CNE100005X64;;CHINA
Guanghui Energy Co., Ltd.;CNE0000012G4;300300763Q4WLOKZPD04;CHINA
Guangzhou Development Group Incorporated;CNE000000SB6;300300TORMK6PEJL6F46;CHINA
Guangzhou Hengyun Enterprises Holding Ltd;CNE000000DS2;300300G6FD9I27P0A554;CHINA
Guizhou Gas Group Corporation Ltd.;CNE100002TM6;300300KI1O2Q0VGF0O44;CHINA
Guizhou Panjiang Refined Coal Co.,Ltd.;CNE0000017V2;;CHINA
Gujarat Gas Limited;INE844O01030;335800BGVH85CIFRKY95;INDIA
Gujarat Mineral Development Corporation Limited;INE131A01031;335800B8OP5L7DH9VD35;INDIA
Gujarat State Petronet Limited;INE246F01010;335800J69QRMS7KSSR96;INDIA
Gulf Energy Development Public Company Limited;TH8319010Z06;;THAILAND
Gulf International Services Q.P.S.C.;QA000A0Q6LH4;;QATAR
Gulf Keystone Petroleum Limited;BMG4209G2077;213800QTAQOSSTNTPO15;BERMUDA
Gulf Oil Lubricants India Limited;INE635Q01029;3358009J8O762GKOHS20;INDIA
Gulfport Energy Corporation;US4026355028;549300FJX18IDUFPHD40;UNITED STATES
H&R GmbH & Co. KGaA;DE000A2E4T77;529900NCRGGS5E0MGL93;GERMANY
Hainan Mining Co., Ltd.;CNE100001VS1;300300ZEUVNI6I60NL89;CHINA
Hallador Energy Company;US40609P1057;;UNITED STATES
Hangzhou Oxygen Plant Group Co.,Ltd.;CNE100000Q68;;CHINA
Hanjin Heavy Industries & Construction Holdings Co., Ltd.;KR7003480001;988400OTG6K476LQL804;KOREA, REPUBLIC OF
Hankook Shell Oil Co.,Ltd.;KR7002960003;;KOREA, REPUBLIC OF
Harbin Hatou Investment Co.,Ltd;CNE000000H38;;CHINA
Harbour Energy Plc;GB00BMBVGQ36;213800YPC42DYBKVPF97;UNITED KINGDOM
HD Hyundai Co., Ltd.;KR7267250009;;KOREA, REPUBLIC OF
Headwater Exploration Inc.;CA4220961078;549300XIU4JQ0GKLRG88;CANADA
Helix Energy Solutions Group, Inc.;US42330P1075;;UNITED STATES
HELLENiQ ENERGY Holdings S.A.;GRS298343005;213800YUBJMZYR1SNG35;GREECE
Helmerich & Payne, Inc.;US4234521015;254900NAOGHJ88RZ4C73;UNITED STATES
Henan Dayou Energy Co., Ltd;CNE000001G12;;CHINA
Henan Shenhuo Coal Industary and Electricity Power Corporation Limited;CNE000001097;;CHINA
Henan Yuneng Holdings Co.,Ltd.;CNE000000TZ3;;CHINA
Henan Zhongfu Industrial Co.,Ltd;CNE000001BQ8;300300MR4JS8FMYV7M07;CHINA
Hengli Petrochemical Co.,Ltd.;CNE0000018V0;;CHINA
Hengyi Petrochemical Co., Ltd.;CNE0000001J1;;CHINA
Hengyuan Refining Company Berhad;MYL4324OO009;254900S8J3QMFA54KR10;MALAYSIA
Heritage-Crystal Clean, Inc;US42726M1062;;UNITED STATES
Hess Corporation;US42809H1077;UASVRYNXNK17ULIGK870;UNITED STATES
HF Sinclair Corporation;US4039491000;;UNITED STATES
Hibiscus Petroleum Berhad;MYL5199OO004;;MALAYSIA
Hidili Industry International Development Limited;KYG444031069;;CHINA
HighPeak Energy, Inc.;US43114Q1058;;UNITED STATES
Hilong Holding Limited;KYG4509G1055;5493007WSRWZ0UF15X65;CHINA
Hindustan Oil Exploration Company Limited;INE345A01011;335800K6OMG63FQXPZ86;INDIA
Hindustan Petroleum Corporation Limited;INE094A01015;335800DWLXIP7HFFY564;INDIA
HIROSHIMA GAS Co.,Ltd.;JP3796200008;353800YNE9JERP7XZ791;JAPAN
HK Electric Investments and HK Electric Investments Limited;HK0000179108;5299006PUX29DFJ1DE03;HONG KONG
Hokkaido Electric Power Company, Incorporated;JP3850200001;353800XDXIIZDHUO0J51;JAPAN
Hokkaido Gas Co., Ltd.;JP3847000001;;JAPAN
Hokuriku Electric Power Company;JP3845400005;353800Z4ZNGBULYR8W57;JAPAN
Honghua Group Limited;KYG4584R1092;549300D4IEI9VQMVAU18;CHINA
Horizon Oil Limited;AU000000HZN8;52990027DG9I87NLGK24;AUSTRALIA
Hosken Consolidated Investments Limited;ZAE000003257;;SOUTH AFRICA
Huadian Energy Company Limited;CNE000000KX7;300300OWS7BE01XUE266;CHINA
Huadian Power International Corporation Limited;CNE1000003D8;529900207FCOKWBDRE79;CHINA
Huaibei Mining Holdings Co.,Ltd.;CNE000001HH4;;CHINA
Huaneng Power International, Inc.;CNE1000006Z4;529900WU0SMVKMPG4V21;CHINA
Hunan Kaimeite Gases Co., Ltd.;CNE100001062;;CHINA
Hunting PLC;GB0004478896;2138008S5FL78ITZRN66;UNITED KINGDOM
Huscoke Holdings Limited;BMG4709B1129;;HONG KONG
Hyundai Corporation;KR7011760006;;KOREA, REPUBLIC OF
Icahn Enterprises L.P.;US4511001012;549300T0G4GS0SINS786;UNITED STATES
Idemitsu Kosan Co.,Ltd.;JP3142500002;549300P0R46FF6DUA630;JAPAN
Imperial Oil Limited;CA4530384086;549300JZNB745JT5WY51;CANADA
INA-Industrija nafte, d.d.;HRINA0RA0007;213800RUSOIJPJD19H13;CROATIA
Independence Contract Drilling, Inc.;US4534156066;;UNITED STATES
Indian Oil Corporation Limited;INE242A01010;335800J8OBWE4VFUDG88;INDIA
Indraprastha Gas Limited;INE203G01027;33580033VPD8D168H736;INDIA
Industries Qatar Q.P.S.C.;QA000A0KD6K3;;QATAR
Infraestructura Energetica Nova S.A.B. de C.V.;MX01IE060002;;MEXICO
Inner Mongolia Dian Tou Energy Corporation Limited;CNE100000098;;CHINA
Inner Mongolia Erdos Resources Co.,ltd.;CNE0000017T6;300300UPV0ZBASQKK574;CHINA
Inner Mongolia Junzheng Energy & Chemical Group Co.,Ltd.;CNE1000010F8;;CHINA
Inner Mongolia Mengdian Huaneng Thermal Power Corporation Limited;CNE000000GN6;300300IBR8JN06GQOJ17;CHINA
Inner Mongolia Yitai Coal Co.,Ltd;CNE000000SK7;529900OW9OHPX81B0T69;CHINA
Inner Mongolia Yuan Xing Energy Company Limited;CNE000000P20;300300HF6XQ50FSVY467;CHINA
Innospec Inc.;US45768S1050;213800SQBACNY5IWJO68;UNITED STATES
Inpex Corporation;JP3294460005;353800VHYYADPR6MXQ47;JAPAN
InPlay Oil Corp.;CA45780T2065;;CANADA
International Petroleum Corporation;CA46016U1084;54930025D80LU0SMR645;CANADA
Intra Energy Corporation Limited;AU000000IEC4;;AUSTRALIA
IRPC Public Company Limited;TH0471010Y04;254900IKV8DJ1C05JB68;THAILAND
Israel Corporation Ltd;IL0005760173;213800VASRTF37M7LO42;ISRAEL
ISU Chemical Co., Ltd;KR7005950001;;KOREA, REPUBLIC OF
Italgas S.p.A.;IT0005211237;815600F25FF44EF1FA76;ITALY
Iwatani Corporation;JP3151600008;353800TSKIDNENNV2L96;JAPAN
Jaiprakash Power Ventures Limited;INE351F01018;335800PCQ613KFXZYQ56;INDIA
James Fisher and Sons plc;GB0003395000;213800J975E5OYR6S216;UNITED KINGDOM
Jameson Resources Limited;AU000000JAL1;;AUSTRALIA
Japan Petroleum Exploration Co., Ltd.;JP3421100003;549300WXUNBZ356DMN17;JAPAN
Jardine Cycle & Carriage Limited;SG1B51001017;;SINGAPORE
Jastrzebska Spolka Weglowa SA;PLJSW0000015;259400D4E0H5BGXNIK97;POLAND
JC Chemical Co., Ltd.;KR7137950002;;KOREA, REPUBLIC OF
JG Summit Holdings, Inc.;PHY444251177;8945008FXJ2QCVCRJM25;PHILIPPINES
Jiangsu Guoxin Corp. Ltd.;CNE100001658;;CHINA
Jiangsu Lopal Tech. Co., Ltd.;CNE100002Y09;;CHINA
Jiangsu Nata Opto-electronic Material Co., Ltd.;CNE100001K48;;CHINA
Jiangxi Ganneng Co., Ltd.;CNE000000TP4;;CHINA
Jiangxi Hongcheng Environment Co.,Ltd.;CNE000001HW3;;CHINA
Jindal Steel & Power Limited;INE749A01030;335800UIKQBF6QO2NP15;INDIA
Jinhong Gas Co.,Ltd.;CNE100003ZP4;;CHINA
Jinneng Holding Shanxi Coal Industry Co.,ltd.;CNE000001MZ6;300300PLI08AQT6KAQ96;CHINA
Jinneng Holding Shanxi Electric Power Co.,LTD.;CNE000000776;300300RXGXV5H7ADVO98;CHINA
Jinneng Science&Technology Co.,Ltd;CNE100002RK4;;CHINA
Jizhong Energy Resources Co., Ltd.;CNE0000010H6;300300RB4ZPQVWNPOM87;CHINA
Jointo Energy Investment Co., Ltd. Hebei;CNE000000FT5;;CHINA
Journey Energy Inc.;CA48113W1023;;CANADA
JSW Energy Limited;INE121E01018;3358001ZFBW2VIMBMI85;INDIA
Jutal Offshore Oil Services Limited;KYG520771075;3003006RGJTD5C05OU86;CHINA
K&O Energy Group Inc.;JP3277020008;;JAPAN
Kailuan Energy Chemical Co.,Ltd.;CNE000001HX1;300300VLE59K76S9DE28;CHINA
Kanto Denka Kogyo Co., Ltd.;JP3232600001;;JAPAN
Karoon Energy Ltd;AU000000KAR6;529900VXILHR2CNBWD62;AUSTRALIA
Kelt Exploration Ltd.;CA4882951060;549300OBXGWYN1VOFC24;CANADA
Kenon Holdings Ltd.;SG9999012629;254900N5LVBX92GMVN72;SINGAPORE
Keyera Corp.;CA4932711001;;CANADA
Kinetic Development Group Limited;KYG525931039;;CHINA
KLX Energy Services Holdings, Inc.;US48253L2051;5493004D4S7MAO1H3U27;UNITED STATES
KNM Group Berhad;MYL7164OO006;;MALAYSIA
Koatsu Gas Kogyo Co., Ltd.;JP3285800003;;JAPAN
Koc Holding;TRAKCHOL91Q8;7890005U0H950VH19H45;TURKEY
Korea District Heating Corp.;KR7071320006;;KOREA, REPUBLIC OF
Korea Gas Corporation;KR7036460004;988400TFZILHBD5M3R71;KOREA, REPUBLIC OF
Korea Petrochemical Ind. Co., Ltd.;KR7006650006;988400L1F3Y7NBQU7K77;KOREA, REPUBLIC OF
Kosmos Energy Ltd.;US5006881065;213800YDFJ3OT9B5P157;UNITED STATES
Kot Addu Power Company Limited;PK0083101011;;PAKISTAN
Kunlun Energy Company Limited;BMG5320C1082;5299007GRIKP15GM4927;HONG KONG
Kyungdong City Gas Co., Ltd;KR7267290005;;KOREA, REPUBLIC OF
Kyungdong Invest Co., Ltd;KR7012320008;;KOREA, REPUBLIC OF
L'Air Liquide S.A.;FR0000120073;969500MMPQVHK671GT54;FRANCE
Lamprell PLC;GB00B1CL5249;;UNITED ARAB EMIRATES
Liaoning Energy Industry Co.,Ltd;CNE000000MW5;300300UMYHLC77RBLB47;CHINA
Liberty Energy Inc.;US53115L1044;;UNITED STATES
Linde India Limited;INE473A01011;549300I8YN6PVG2KEU64;INDIA
Loews Corporation;US5404241086;R8V1FN4M5ITGZOG7BS19;UNITED STATES
Lopez Holdings Corporation;PHY5347P1085;;PHILIPPINES
Lotte Chemical Titan Holding Berhad;MYL5284OO004;;MALAYSIA
Lubelski Wegiel Bogdanka S.A.;PLLWBGD00016;259400MHSST6C1A8M066;POLAND
LX Holdings Corp.;KR7383800000;;KOREA, REPUBLIC OF
Macquarie Infrastructure Holdings, LLC;US55608B1052;529900IZSJ64GH477714;UNITED STATES
Magnolia Oil & Gas Corporation;US5596631094;;UNITED STATES
Maha Energy AB (publ);SE0008374383;213800USNX47LQFQQN20;SWEDEN
Mahanagar Gas Limited;INE002S01010;3358001GYZI2KS7FHN90;INDIA
Major Drilling Group International Inc.;CA5609091031;549300O1MNHCX2FUBC21;CANADA
Malakoff Corporation Berhad;MYL5264OO006;;MALAYSIA
Mammoth Energy Services, Inc.;US56155L1089;549300ODHHN3MGXCQ803;UNITED STATES
Manali Petrochemicals Limited;INE201A01024;;INDIA
Mangalore Refinery and Petrochemicals Limited;INE103A01014;335800IFZW2UY8KC5H11;INDIA
Marathon Oil Corporation;US5658491064;1FRVQX2CRLGC1XLP5727;UNITED STATES
Marathon Petroleum Corporation;US56585A1025;3BNYRYQHD39K4LCKQF12;UNITED STATES
Mari Petroleum Company Limited;PK0066301018;;PAKISTAN
Maridive and Oil Services S.A.E.;EGS44012C010;;EGYPT
Matador Resources Company;US5764852050;549300CI3Q2UUK5R4G79;UNITED STATES
MC Mining Limited;AU000000MCM9;213800G6YDVUTU9NEP37;AUSTRALIA
MDU Resources Group, Inc.;US5526901096;;UNITED STATES
Mechel PAO;RU000A0DKXV5;253400C9GSPBSKERRP65;RUSSIAN FEDERATION
MEG Energy Corp.;CA5527041084;;CANADA
Mercator Limited;INE934B01028;335800VEDQN6ZB6AMX73;INDIA
Mesaieed Petrochemical Holding Company Q.P.S.C.;QA000VSUG130;;QATAR
Metis Energy Limited;SG1I14879601;;SINGAPORE
Metso Oyj;FI0009014575;549300R0VN9C371W0E07;FINLAND
MIE Holdings Corporation;KYG611571061;254900PXCOUI2PZ6W177;HONG KONG
Mitsubishi Chemical Group Corporation;JP3897700005;353800YNKX4RQUGAR072;JAPAN
Mitsui Matsushima Holdings Co., Ltd.;JP3894000003;;JAPAN
MNRL Sub Inc.;US10918L1035;549300IQ6JCXW59RO175;UNITED STATES
MODEC, Inc.;JP3888250002;;JAPAN
MOL Magyar Olaj- es Gazipari Nyilvanosan Mukodo Reszvenytarsasag;HU0000153937;213800R83KX5FQFGXS67;HUNGARY
Mongolia Energy Corporation Limited;BMG6260K1595;;HONG KONG
Mongolian Mining Corporation;KYG6264V1361;254900XQ2EY5O3SAYL47;MONGOLIA
Montauk Renewables, Inc.;US61218C1036;;UNITED STATES
MORESCO Corporation;JP3868850003;;JAPAN
Motor Oil (Hellas) Corinth Refineries S.A.;GRS426003000;213800U3Y9UL7Y4QVM11;GREECE
MPLX LP;US55336V1008;5493000CZJ19CK4P3G36;UNITED STATES
Mullen Group Ltd.;CA6252841045;549300KLU7H5NA3I5P62;CANADA
Murphy Oil Corporation;US6267171022;QBKYQD0ODE7DC7PDIN91;UNITED STATES
Nabors Industries Ltd.;BMG6359F1370;;BERMUDA
NACCO Industries, Inc.;US6295791031;;UNITED STATES
Naftna Industrija Srbije a.d.;RSNISHE79420;74780080B3J1A5AOWK36;SERBIA
Nan Nan Resources Enterprise Limited;BMG6390D1092;;HONG KONG
Nanjing Develop Advanced Manufacturing Co., Ltd.;CNE100004249;;CHINA
Naphtha Israel Petroleum Corp. Ltd.;IL0006430156;;ISRAEL
National Energy Services Reunited Corp.;VGG6375R1073;;UNITED STATES
National Fuel Gas Company;US6361801011;8JB38FFW1Y3C1HM8E841;UNITED STATES
National Gas and Industrialization Company;SA0007879196;;SAUDI ARABIA
National Industrialization Company;SA0007879170;;SAUDI ARABIA
National Refinery Limited;PK0008201011;;PAKISTAN
Nava Limited;INE725A01022;3358001S6IZR91SKJT54;INDIA
NCS Multistage Holdings, Inc.;US6288772014;5493003WLG5T6MNJ7292;UNITED STATES
NEL ASA;NO0010081235;549300G6XN5IXMRKEG37;NORWAY
New Fortress Energy Inc.;US6443931000;;UNITED STATES
New Hope Corporation Limited;AU000000NHC7;254900DHRUGXZSLSNZ83;AUSTRALIA
New Jersey Resources Corporation;US6460251068;549300QKBSQBIX4DQ583;UNITED STATES
NewMarket Corporation;US6515871076;54930082CG88ERDREQ47;UNITED STATES
Newpark Resources, Inc.;US6517185046;54930073OHWDQW4DJN26;UNITED STATES
NextEra Energy Partners, LP;US65341B1061;5493008F4ZOQFNG3WN54;UNITED STATES
NexTier Oilfield Solutions Inc.;US65290C1053;529900L27H2D4QT0IT24;UNITED STATES
Nine Energy Service, Inc.;US65441V1017;549300KRLJCZBPZMKT65;UNITED STATES
Ningxia Baofeng Energy Group Co., Ltd.;CNE100003LF5;300300G6CBIVJWQ4IC71;CHINA
Nippon Coke & Engineering Company, Limited;JP3889610006;;JAPAN
Nippon Sanso Holdings Corporation;JP3711600001;353800F1K6653B4VPY57;JAPAN
Nippon Steel Corporation;JP3381000003;35380065QWQ4U2V3PA33;JAPAN
NiSource Inc.;US65473P1057;549300D8GOWWH0SJB189;UNITED STATES
NLC India Limited;INE589A01014;335800ZUJIL59GOZUW75;INDIA
Noble Corporation Plc;GB00BMXNWH07;;UNITED STATES
North Huajin Chemical Industries Co.,Ltd;CNE000000NY9;;CHINA
Northern Oil and Gas, Inc.;US6655313079;OKFF0PIZDDMNH4UCYE51;UNITED STATES
Northwest Natural Holding Company;US66765N1054;H4JZVBMGV45MWUCMUB11;UNITED STATES
NorthWestern Energy Group, Inc.;US6680743050;3BPWMBHR1R9SHUN7J795;UNITED STATES
Norwest Energy NL;AU000000NWE2;529900RQT9EL5Y12LW50;AUSTRALIA
Nostrum Oil & Gas PLC;GB00BQVVS097;2138007VWEP4MM3J8B29;UNITED KINGDOM
NRW Holdings Limited;AU000000NWH5;5493003S2MORCH0HEL95;AUSTRALIA
NTPC Limited;INE733E01010;335800Q4TRGJXNLVMB81;INDIA
NuVista Energy Ltd.;CA67072Q1046;;CANADA
Nylex (Malaysia) Berhad;MYL4944OO004;;MALAYSIA
Obsidian Energy Ltd.;CA6744822033;549300DITPHH8W8CK636;CANADA
Occidental Petroleum Corporation;US6745991058;IM7X0T3ECJW4C1T7ON55;UNITED STATES
Oceaneering International, Inc.;US6752321025;549300L6PH74701W0R30;UNITED STATES
OCI Holdings Company Ltd.;KR7010060002;988400XZQA7CG16LDK87;KOREA, REPUBLIC OF
ODAS Elektrik Uretim ve Sanayi;TREODAS00014;;TURKEY
Odfjell Drilling Ltd.;BMG671801022;529900M08ZU24JXMPB85;UNITED KINGDOM
Oil and Gas Development Company Limited;PK0080201012;254900M131N1GDOLPD60;PAKISTAN
Oil and Natural Gas Corporation Limited;INE213A01029;335800FPDZ9MRSNO7N41;INDIA
Oil India Limited;INE274J01014;;INDIA
Oil Refineries Ltd.;IL0025902482;213800CWUC7NV7VR3D03;ISRAEL
Oil States International, Inc.;US6780261052;5493004TF4KQJGMYL777;UNITED STATES
OMV Aktiengesellschaft;AT0000743059;549300V62YJ9HTLRI486;AUSTRIA
OMV Petrom S.A.;ROSNPPACNOR9;549300UKYDM6L8HEPU79;ROMANIA
ONE Gas, Inc.;US68235P1084;549300HXDWI0LATTX840;UNITED STATES
ONEOK, Inc.;US6826801036;2T3D6M0JSY48PSZI1Q41;UNITED STATES
OPC Energy Ltd.;IL0011415713;98450000955804579A79;ISRAEL
Oriental Energy Co., Ltd.;CNE1000009S3;3003001HS55ZYR50IW66;CHINA
Osaka Gas Co., Ltd.;JP3180400008;353800024KMNOPQRWZ02;JAPAN
Otto Energy Limited;AU000000OEL3;549300P8RISOZG2TZK35;AUSTRALIA
Ovintiv Inc.;US69047Q1022;;UNITED STATES
Pacific Radiance Ltd.;SGXE30264951;;SINGAPORE
Pakistan Oilfields Limited;PK0023901017;;PAKISTAN
Pakistan Petroleum Limited;PK0081801018;;PAKISTAN
Panoro Energy ASA;NO0010564701;5967007LIEEXZXGWM030;NORWAY
PAO NOVATEK;RU000A0DKVS5;;RUSSIAN FEDERATION
Par Pacific Holdings, Inc.;US69888T2078;549300BTNS7MHSHRLR55;UNITED STATES
Paramount Resources Ltd.;CA6993202069;549300JSO4G6XV6Y5V84;CANADA
Parex Resources Inc.;CA69946Q1046;549300U7LWRGTY6XWK67;CANADA
Pason Systems Inc.;CA7029251088;984500DC6T2FLR969F65;CANADA
Patterson-UTI Energy, Inc.;US7034811015;254900XGFBKIXD6G0697;UNITED STATES
Paz Oil Company Ltd.;IL0011000077;;ISRAEL
PBF Energy Inc.;US69318G1067;2549003PBEDCSZMZIY02;UNITED STATES
PDC Energy, Inc.;US69327R1014;5493008W8H2T511J5Y59;UNITED STATES
Peabody Energy Corporation;US7045511000;;UNITED STATES
Pembina Pipeline Corporation;CA7063271034;5493002W3L9YICM6FU21;CANADA
Perennial Energy Holdings Limited;KYG7011M1069;894500D0J12FRZ3Q0I27;CHINA
Permian Resources Corporation;US71424F1057;;UNITED STATES
Petkim Petrokimya Holding Anonim Sirketi;TRAPETKM91E0;529900XZCVZOEYWNBQ67;TURKEY
PetroChina Company Limited;CNE1000003W8;529900RPY4YG47TRSV05;CHINA
Petron Corporation;PHY6885F1067;549300R3PFXOFQSZ7G25;PHILIPPINES
Petron Malaysia Refining & Marketing Bhd;MYL3042OO008;549300ZLB6N2UTYDJ385;MALAYSIA
PETRONAS Chemicals Group Berhad;MYL5183OO008;;MALAYSIA
PETRONAS Gas Berhad;MYL6033OO004;;MALAYSIA
Petronet LNG Limited;INE347G01014;335800KIIKNA7GRD9351;INDIA
Petroreconcavo S.A.;BRRECVACNOR3;;BRAZIL
Petrovietnam Drilling and Well Services Corporation;VN000000PVD2;;VIET NAM
Petrovietnam Gas Joint Stock Corporation;VN000000GAS3;;VIET NAM
Peyto Exploration & Development Corp.;CA7170461064;549300WZKJ63UJDWP310;CANADA
Pharos Energy plc;GB00B572ZV91;549300DDKLXYLLO4N524;UNITED KINGDOM
PHX ENERGY SERVICES CORP.;CA69338U1012;;CANADA
PHX Minerals Inc.;US69291A1007;5493007OI1JOF1QSPE51;UNITED STATES
Pine Cliff Energy Ltd.;CA7225241057;;CANADA
Pingdingshan Tianan Coal. Mining Co., Ltd.;CNE000001PH7;3003003BTKNO2P0KDH38;CHINA
Pioneer Natural Resources Company;US7237871071;FY8JBF7CCL2VE4F1B628;UNITED STATES
Pipestone Energy Corp.;CA7241121077;;CANADA
PJSC LUKOIL;RU0009024277;549300LCJ1UJXHYBWI24;RUSSIAN FEDERATION
PJSC Tatneft;RU0009033591;253400PAT768SVJMV121;RUSSIAN FEDERATION
Plains GP Holdings, L.P.;US72651A2078;549300O56BSKRD8FAM12;UNITED STATES
Precision Drilling Corporation;CA74022D4075;549300WF2OE8T5BP4B84;CANADA
Prio S.A.;BRPRIOACNOR1;;BRAZIL
Productive Technologies Company Limited;KYG7255N1097;;HONG KONG
Profire Energy, Inc.;US74316X1019;5299000Z8I499RSMID74;UNITED STATES
ProPetro Holding Corp.;US74347M1080;;UNITED STATES
Prosafe SE;NO0010861990;2138001LK2Z2HSER4U15;NORWAY
PT ABM Investama Tbk;ID1000121502;;INDONESIA
PT Adaro Energy Indonesia Tbk;ID1000111305;529900P2WAH7XA87OI24;INDONESIA
PT Alfa Energi Investama Tbk;ID1000139009;;INDONESIA
PT Astra International Tbk;ID1000122807;529900L49TRJOMG4DK47;INDONESIA
PT Baramulti Suksessarana Tbk;ID1000125701;254900KGBVBAHV3YD458;INDONESIA
PT Barito Pacific Tbk;ID1000085707;254900CLXCIVO1KCF078;INDONESIA
PT Bukit Asam Tbk;ID1000094006;;INDONESIA
PT Bumi Resources Tbk;ID1000068703;;INDONESIA
PT Chandra Asri Pacific Tbk;ID1000090301;254900146Z996100HK31;INDONESIA
PT Cikarang Listrindo Tbk;ID1000137201;254900NPCIO562Z7FN53;INDONESIA
PT Delta Dunia Makmur Tbk;ID1000110505;2549002M57H2EQ5W6I46;INDONESIA
PT Dian Swastatika Sentosa Tbk;ID1000113400;;INDONESIA
PT Dwi Guna Laksana Tbk;ID1000141302;;INDONESIA
PT Elnusa Tbk;ID1000109606;;INDONESIA
PT Energi Mega Persada Tbk;ID1000098304;25490019ABALWIGUDM79;INDONESIA
PT ESSA Industries Indonesia Tbk.;ID1000122203;;INDONESIA
PT Harum Energy Tbk;ID1000116601;529900BJBI0YIIEUBJ14;INDONESIA
PT Indo Tambangraya Megah Tbk;ID1000108509;52990056ZNHB217ZKL92;INDONESIA
PT Medco Energi Internasional Tbk;ID1000053705;;INDONESIA
PT Mitrabara Adiperdana Tbk;ID1000132400;;INDONESIA
PT MNC Asia Holding Tbk;ID1000064207;;INDONESIA
PT Pelayaran Tamarin Samudra Tbk;ID1000138803;;INDONESIA
PT Perusahaan Gas Negara Tbk;ID1000111602;549300OX1VFDX7ZPN240;INDONESIA
PT Prima Andalan Mandiri Tbk;ID1000162902;;INDONESIA
PT Samator Indo Gas Tbk;ID1000137805;;INDONESIA
PT Samindo Resources Tbk;ID1000120900;;INDONESIA
PT TBS Energi Utama Tbk;ID1000123409;254900Z5ZK0ZHZHPIM67;INDONESIA
PT TIMAH Tbk;ID1000111800;;INDONESIA
PT United Tractors Tbk;ID1000058407;529900N9ELYOWQV4FW14;INDONESIA
PT Wintermar Offshore Marine Tbk;ID1000117500;;INDONESIA
PT. Indika Energy Tbk;ID1000110901;254900YVKE6BJ1I4V036;INDONESIA
PTT Exploration and Production Public Company Limited;TH0355A10Z04;2549001O8YYGP5N7Q076;THAILAND
PTT Global Chemical Public Company Limited;TH1074010006;5493007X3230PPPZFF40;THAILAND
Public Joint Stock Company Gazprom;RU0007661625;213800FD9J2IHTA7YX78;RUSSIAN FEDERATION
Public Joint Stock Company Gazprom Neft;RU0009062467;253400KXA9P2AN72P004;RUSSIAN FEDERATION
Public Joint Stock Company Mosenergo;RU0008958863;529900HWROSNW89Z7C14;RUSSIAN FEDERATION
Public Joint Stock Company Raspadskaya;RU000A0B90N8;;RUSSIAN FEDERATION
Public Joint Stock Company Rosneft Oil Company;RU000A0J2Q06;253400JT3MQWNDKMJE44;RUSSIAN FEDERATION
Public Joint Stock Company RussNeft;RU000A0JSE60;2534006SHLSAADNWJE34;RUSSIAN FEDERATION
Public Joint Stock Company Severstal;RU0009046510;;RUSSIAN FEDERATION
Public Joint Stock Company 'Territorial Generating Company No. 1';RU000A0JNUD0;;RUSSIAN FEDERATION
Public Joint Stock Oil Company Bashneft;RU0007976957;2534002L55BBQ1E3R735;RUSSIAN FEDERATION
Public Joint-Stock Company EL5-Energo;RU000A0F5UN3;;RUSSIAN FEDERATION
Public Joint-Stock Company Unipro;RU000A0JNGA5;;RUSSIAN FEDERATION
PXP Energy Corporation;PHY7S66G1036;;PHILIPPINES
Qatar Navigation Q.P.S.C.;QA0007227695;25490074EFRBM1MC1K04;QATAR
Questerre Energy Corporation;CA74836K1003;549300TM45EIWBPD7W54;CANADA
Rabigh Refining and Petrochemical Company;SA120GAH5617;;SAUDI ARABIA
Rain Industries Limited;INE855B01025;335800922PYQABXMRO68;INDIA
RAMACO RESOURCES, INC.;US75134P6007;5493001BYUI4TCQOPF70;UNITED STATES
Range Resources Corporation;US75281A1097;H3Y3WLYCX0BTO1TRW162;UNITED STATES
Ranger Energy Services, Inc.;US75282U1043;;UNITED STATES
Ranger Oil Corporation;US70788V1026;5493003S4AVU6OSXB118;UNITED STATES
Ratch Group Public Company Limited;TH0637010Y00;2138004IGHN9UQGDSH20;THAILAND
RattanIndia Power Limited;INE399K01017;3358008RV9J223FDR402;INDIA
Reliance Industrial Infrastructure Limited;INE046A01015;;INDIA
Reliance Power Limited;INE614G01033;335800D1QMGOF93XZU85;INDIA
Renergen Limited;ZAE000202610;;SOUTH AFRICA
Resonac Holdings Corporation;JP3368000000;5493006AIPA1V92YPP18;JAPAN
REX INTERNATIONAL HOLDING LIMITED;SG2G04994999;254900GB4SX7JAK74O59;SINGAPORE
RGC Resources, Inc.;US74955L1035;;UNITED STATES
Riley Exploration Permian, Inc.;US76665T1025;;UNITED STATES
Ring Energy, Inc.;US76680V1089;549300HMY6TJ265I8S64;UNITED STATES
Rojana Industrial Park Public Company Limited;TH0477010Y01;;THAILAND
Rongsheng Petrochemical Co., Ltd.;CNE100000W60;;CHINA
RPC, Inc.;US7496601060;;UNITED STATES
Rubis;FR0013269123;969500MGFIKUGLTC9742;FRANCE
S.N.T.G.N. Transgaz S.A.;ROTGNTACNOR8;254900R11L2IUTHIZ779;ROMANIA
Saibu Gas Holdings Co.,Ltd.;JP3311600005;353800SPVTXVJZ0EGD74;JAPAN
Saipem SpA;IT0005495657;549300PHV8MBDHWB8X12;ITALY
Salungano Group Limited;ZAE000306890;;SOUTH AFRICA
Samchully Co.,Ltd;KR7004690004;;KOREA, REPUBLIC OF
San Miguel Corporation;PHY751061151;549300AGC9NFF12PHN68;PHILIPPINES
SandRidge Energy, Inc.;US80007P8692;;UNITED STATES
Sandvik AB (publ);SE0000667891;5299008ZUAXN43LVZF54;SWEDEN
Santos Limited;AU000000STO6;5299000RK70B5O2M7077;AUSTRALIA
Sany Heavy Equipment International Holdings Company Limited;KYG781631059;;CHINA
Sapura Energy Berhad;MYL5218OO002;;MALAYSIA
Sasol Limited;ZAE000006896;378900F4544561A97588;SOUTH AFRICA
Saudi Kayan Petrochemical Company;SA000A0MQCJ2;;SAUDI ARABIA
Schoeller-Bleckmann Oilfield Equipment Aktiengesellschaft;AT0000946652;549300ZD9ED8GSG3JW36;AUSTRIA
SEACOR Marine Holdings Inc.;US78413P1012;5493003LNKFW1W43N030;UNITED STATES
Seadrill Limited;BMG7997W1029;;BERMUDA
Select Water Solutions, Inc.;US81617J3014;54930094OK8LA3QDW486;UNITED STATES
Semirara Mining and Power Corporation;PHY7628G1124;;PHILIPPINES
Senex Energy Pty Ltd;AU000000SXY7;;AUSTRALIA
Seoul City Gas Co., Ltd.;KR7017390006;;KOREA, REPUBLIC OF
Seplat Energy Plc;NGSEPLAT0008;029200711C4S4CB2E982;NIGERIA
Serinus Energy plc;JE00BNNMKT29;549300W183KUX62DVI32;JERSEY
Shaanxi Coal Industry Company Limited;CNE100001T64;;CHINA
Shaanxi Heimao Coking Co., Ltd.;CNE100001VV5;3003009AUK8U26IMIO05;CHINA
Shaanxi Provincial Natural Gas Co.,Ltd;CNE100000CN4;300300B18MWCVRYAEW61;CHINA
Shamal Az-Zour Al-Oula Power and Water Company KSC (Public);KW0EQ0504799;;KUWAIT
Shan Xi Hua Yang Group New Energy Co.,Ltd.;CNE000001FP1;300300L5SFN6WQCTM144;CHINA
Shandong Xinchao Energy Corporation Limited;CNE000000NJ0;;CHINA
Shanghai Chuangli Group Co., Ltd.;CNE100002292;;CHINA
Shanghai Datun Energy Resources Co., Ltd.;CNE000001915;300300UUUEGPWHOV2Z22;CHINA
Shanghai Dazhong Public Utilities(Group) Co.,Ltd.;CNE0000007Y7;300300ZFDVQSCQHGU166;CHINA
Shanghai Electric Power Co., Ltd.;CNE000001G53;3003009ZN0X3RFO4QY68;CHINA
Shanxi Blue Flame Holding Company Limited;CNE0000012V3;;CHINA
Shanxi Coal International Energy Group Co.,Ltd;CNE000001FH8;3003003UR8BIGZQWJO77;CHINA
SHANXI COKING CO., LTD.;CNE000000LD7;;CHINA
Shanxi Coking Coal Energy Group Co., Ltd.;CNE0000013Y5;;CHINA
Shanxi Guoxin Energy Corporation Limited;CNE0000005L8;;CHINA
Shanxi Lanhua Sci-Tech Venture Co.,Ltd;CNE000000XZ5;300300Y025CAQQ87AB33;CHINA
Shanxi Lu'an Environmental Energy Development Co., Ltd.;CNE000001NT7;;CHINA
Shanxi Meijin Energy Co.,Ltd.;CNE0000005J2;;CHINA
Shelf Drilling, Ltd.;KYG236271055;;UNITED ARAB EMIRATES
Shell Pilipinas Corporation;PHY6980U1070;54930056H8W5F37SB423;PHILIPPINES
Shenergy Company Limited;CNE0000005Q7;300300PA40YYCBW4WW70;CHINA
Shenzhen Energy Group Co., Ltd.;CNE000000933;300300CCBNLFTQ4T2443;CHINA
Shenzhen Nanshan Power Co., Ltd.;CNE000000G62;300300PZP315WC854D56;CHINA
ShinHsiung Natural Gas Inc.;TW0008908005;;TAIWAN, PROVINCE OF CHINA
Shizuoka Gas Co., Ltd.;JP3351150002;353800FKNOC1V6FE8T28;JAPAN
Shougang Fushan Resources Group Limited;HK0639031506;529900OPUNJYLOX4OL37;HONG KONG
Shumba Energy Ltd;MU0397S00002;213800M18KZLOT6X7W79;BOTSWANA
Silk Road Logistics Holdings Limited;BMG819221174;;HONG KONG
SilverBow Resources, Inc.;US82836G1022;5493007QR70AVQSNF619;UNITED STATES
Sino Geophysical Co., Ltd;CNE100001153;;CHINA
Sino Oil and Gas Holdings Limited;BMG8184U1154;;HONG KONG
Sinopec Oilfield Service Corporation;CNE1000004D6;529900PN1CSRM4SXH490;CHINA
SK Innovation Co., Ltd.;KR7096770003;988400PXP70BWVSJVF07;KOREA, REPUBLIC OF
SM Energy Company;US78454L1008;84BUTVXV5ODI6BXNMH43;UNITED STATES
SNGN Romgaz SA;ROSNGNACNOR3;2549009R7KJ38D9RW354;ROMANIA
S-Oil Corporation;KR7010950004;988400QTUXYDN8W3MZ32;KOREA, REPUBLIC OF
SOL S.p.A.;IT0001206769;;ITALY
Solaris Oilfield Infrastructure, Inc.;US83418M1036;;UNITED STATES
Solstad Offshore ASA;NO0003080608;5967007LIEEXZXHGO849;NORWAY
South Jersey Industries, Inc.;US8385181081;549300DJYWYT5VXLFA46;UNITED STATES
South32 Limited;AU000000S320;213800LAZNPXSBKVHR17;AUSTRALIA
SouthGobi Resources Ltd.;CA8443751059;;HONG KONG
Southwest Gas Holdings, Inc.;US8448951025;;UNITED STATES
Southwestern Energy Company;US8454671095;EFWMP121W54QV9MGOP87;UNITED STATES
Spartan Delta Corp.;CA84678A5089;;CANADA
Spire Inc.;US84857L1017;549300NXSY15DRY2R511;UNITED STATES
Sprague Resources LP;US8493431089;;UNITED STATES
SPT Energy Group Inc.;KYG8405W1069;;CHINA
Stanmore Resources Limited;AU000000SMR4;52990090OHRBVS7DDA54;AUSTRALIA
Star Energy Group Plc;GB00BZ042C28;213800S8WP2L294NR559;UNITED KINGDOM
Star Petroleum Refining Public Company Limited;TH6838010002;;THAILAND
STEP Energy Services Ltd.;CA85859H1055;549300MWW32HB8DY8M69;CANADA
Subsea 7 S.A.;LU0075646355;222100AIF0CBCY80AH62;LUXEMBOURG
Sui Northern Gas Pipelines Limited;PK0008901016;;PAKISTAN
Sui Southern Gas Company Limited;PK0002801014;;PAKISTAN
Summit Midstream Partners, LP;US8661421029;;UNITED STATES
SunCoke Energy, Inc.;US86722A1034;1KF1J2NXQE2PI0QOB943;UNITED STATES
Suncor Energy Inc.;CA8672241079;549300W70ZOQDVLCHY06;CANADA
Sundiro Holding Co., Ltd.;CNE000000586;;CHINA
Sunshine Oilsands Ltd.;CA8678423044;;CANADA
Superior Plus Corp.;CA86828P1036;52990059VEQM9RBM0045;CANADA
Surge Energy Inc.;CA86880Y8779;;CANADA
Surgutneftegas Public Joint Stock Company;RU0008926258;2138002GZLU65FRAC894;RUSSIAN FEDERATION
Swan Energy Limited;INE665A01038;;INDIA
Taekwang Industrial Co., Ltd.;KR7003240009;;KOREA, REPUBLIC OF
Taiwan Styrene Monomer Corporation;TW0001310001;;TAIWAN, PROVINCE OF CHINA
Taiyuan Heavy Industry Co., Ltd.;CNE000000X12;3003004YIOTZ8AZK7W04;CHINA
Talos Energy Inc.;US87484T1088;549300OKFHZ84SFJFT95;UNITED STATES
Tamar Petroleum Ltd;IL0011413577;;ISRAEL
Tamarack Valley Energy Ltd.;CA87505Y4094;549300TLKPX8BE14MH06;CANADA
TAQA Morocco S.A.;MA0000012205;;MOROCCO
Targa Resources Corp.;US87612G1013;5493003QENHHS261UR94;UNITED STATES
TBEA Co., Ltd.;CNE000000RB8;300300NIEBMOQ4DNLE36;CHINA
TC Energy Corporation;CA87807B1076;549300UGKOFV2IWJJG27;CANADA
Technip Energies N.V.;NL0014559478;;FRANCE
Tellurian Inc.;US87968A1043;254900ZYXZHH5MQG6H78;UNITED STATES
Tenaga Nasional Berhad;MYL5347OO009;549300FV8X6UID6I1413;MALAYSIA
Terex Corporation;US8807791038;YAWJZJYEQ7M1SYMOS462;UNITED STATES
TerraCom Limited;AU000000TER9;5299008CZ6QOXMYKVY20;AUSTRALIA
Tethys Oil AB (publ);SE0020180917;;SWEDEN
TETRA Technologies, Inc.;US88162F1057;549300T5W131705EK832;UNITED STATES
TGS ASA;NO0003078800;549300NUPLAXPB0WYH90;NORWAY
Thai Oil Public Company Limited;TH0796010005;549300HG5527UPZLTT69;THAILAND
The Drilling Company of 1972 A/S;DK0061135753;549300Q6RULS8O2KBM54;DENMARK
The Great Eastern Shipping Company Limited;INE017A01032;;INDIA
The Hong Kong and China Gas Company Limited;HK0003000038;254900P7BETXGC7YU827;HONG KONG
The Hub Power Company Limited;PK0065001015;;PAKISTAN
The Okinawa Electric Power Company, Incorporated;JP3194700005;;JAPAN
The Siam Cement Public Company Limited;TH0003010Z04;529900SEH9QK8ZZDCQ89;THAILAND
The Williams Companies, Inc.;US9694571004;D71FAKCBLFS2O0RBPG08;UNITED STATES
Thoresen Thai Agencies Public Company Limited;TH0535010Z05;254900YPPYA6ETOH4873;THAILAND
Thungela Resources Limited;ZAE000296554;;SOUTH AFRICA
Tian Lun Gas Holdings Limited;KYG843961031;529900S7M3E7M2CXPQ78;CHINA
Tiandi Science & Technology Co.Ltd;CNE000001B90;;CHINA
Tide Water Oil Co. (India) Limited;INE484C01030;3358008MGQ8OSJKRI132;INDIA
TIDEWATER MIDSTREAM AND INFRASTRUCTURE LTD.;CA8864531097;549300JX7XAI5IS46I55;CANADA
Tigers Realm Coal Limited;AU000000TIG3;;RUSSIAN FEDERATION
Titas Gas Transmission and Distribution Company Limited;BD0311TGAS01;;BANGLADESH
TOA Oil Co., Ltd.;JP3556800005;;JAPAN
Toho Acetylene Co., Ltd.;JP3599400003;;JAPAN
Toho Gas Co., Ltd.;JP3600200004;353800BCVTE4F8012906;JAPAN
Tohoku Electric Power Company, Incorporated;JP3605400005;;JAPAN
Tokyo Gas Co.,Ltd.;JP3573000001;353800678EIJLOQSWZ83;JAPAN
Top Frontier Investment Holdings, Inc.;PHY8898C1046;;PHILIPPINES
Top Resource Energy Co., Ltd.;CNE100001H43;;CHINA
Tosoh Corporation;JP3595200001;529900YSLFVJF2MDBX02;JAPAN
Total Energy Services Inc.;CA89154B1022;549300R3W0R3EV800D58;CANADA
Touchstone Exploration Inc.;CA89156L1085;2138008URBSUC1J24J73;CANADA
Tourmaline Oil Corp.;CA89156V1067;549300LCHLN94A7Y1572;CANADA
Towngas Smart Energy Company Limited;KYG8972T1067;254900BX211RVPV37P96;HONG KONG
TPI Polene Power Public Company Limited;TH7534010007;;THAILAND
TransAlta Corporation;CA89346D1078;GJZNVO2UY6DNFNIYH321;CANADA
TransAlta Renewables Inc.;CA8934631091;;CANADA
TransGlobe Energy Corporation;CA8936621066;;CANADA
Transocean Ltd.;CH0048265513;529900QO4W5DQGBGEF32;SWITZERLAND
Trecora Resources;US8946481046;549300YM7091ZVQS2B12;UNITED STATES
TREVI - Finanziaria Industriale S.p.A.;IT0005422768;815600FE9E92D9D6C309;ITALY
Trican Well Service Ltd.;CA8959451037;5493003PMAE3KEW1DL91;CANADA
Tullow Oil plc;GB0001500809;2138003EYHWO75RKS857;UNITED KINGDOM
UGI Corporation;US9026811052;DX6GCWD4Q1JO9CRE5I40;UNITED STATES
Unit Corporation;US9092184061;549300XGK22FZCTN8B67;UNITED STATES
United Company RUSAL, International Public Joint-Stock Company;RU000A1025V3;213800WNO9IQTTI4PG55;RUSSIAN FEDERATION
United Energy Group Limited;BMG9231L1081;;HONG KONG
Univentures Public Company Limited;TH0136010Z02;;THAILAND
VAALCO Energy, Inc.;US91851C2017;;UNITED STATES
Valaris Limited;BMG9460G1015;7N0UJMJLXD0MDT5D5086;BERMUDA
Valero Energy Corporation;US91913Y1001;549300XTO5VR8SKV1V74;UNITED STATES
Valeura Energy Inc.;CA9191444020;2549003ZBCOPPO06GY48;CANADA
Valvoline Inc.;US92047W1018;549300CMHPBEY6VPOT75;UNITED STATES
Velesto Energy Berhad;MYL5243OO000;;MALAYSIA
Vermilion Energy Inc.;CA9237251058;WT03B8BB1IX8WI9ZGV02;CANADA
Vertex Energy, Inc.;US92534K1079;549300TTMSREGCR7D585;UNITED STATES
Videocon Industries Limited;INE703A01011;;INDIA
Vinacomin - DeoNai Coal JSC;VN000000TDN1;;VIET NAM
Vinacomin - Ha Tu Coal JSC;VN000000THT9;;VIET NAM
Vinacomin - Nui Beo Coal JSC;VN000000NBC1;;VIET NAM
Vital Energy, Inc.;US5168062058;549300X0PTWU2QSLSL14;UNITED STATES
W&T Offshore, Inc.;US92922P1066;549300Q7EOY2YIO3YK85;UNITED STATES
Wangneng Environment Co.,Ltd;CNE000001KW7;;CHINA
Wanhua Chemical Group Co., Ltd.;CNE0000016J9;;CHINA
Warrego Energy Limited;AU0000042525;;AUSTRALIA
Warrior Met Coal, Inc.;US93627C1018;549300152B1S9YKBYV79;UNITED STATES
Washington H. Soul Pattinson and Company Limited;AU000000SOL3;549300G2Q3P6ZVNC1465;AUSTRALIA
WD-40 Company;US9292361071;549300UZHTN0CNKBOB19;UNITED STATES
Weatherford International plc;IE00BLNN3691;529900LPBDSCQDJKHQ39;UNITED STATES
Western Energy Services Corp.;CA9581596009;;CANADA
White Energy Company Limited;AU000000WEC5;5299005PVFY46YFZIY75;AUSTRALIA
Whitecap Resources Inc.;CA96467A2002;5493004AMPGZA0JO5Q37;CANADA
Whitehaven Coal Limited;AU000000WHC8;529900WCZ4I6ZO3RRP86;AUSTRALIA
Whiting Petroleum Corporation;US9663875089;;UNITED STATES
Wintime Energy Group Co.,Ltd.;CNE000000WD4;300300W8M7JY3INMAS32;CHINA
Wonik Holdings Co.,Ltd.;KR7030530000;;KOREA, REPUBLIC OF
WONIK Materials Co.,Ltd.;KR7104830005;;KOREA, REPUBLIC OF
Woodside Energy Group Ltd;AU0000224040;2549005ZC5RXAOO7FH41;AUSTRALIA
Wuchan Zhongda Group Co.,Ltd.;CNE000000KF4;300300PA9D9DEGG5M059;CHINA
Xinjiang Torch Gas Co., Ltd;CNE100002T22;;CHINA
Xinjiang Xintai Natural Gas Co., Ltd.;CNE100003J56;;CHINA
Yanbu National Petrochemical Company;SA000A0HNF36;;SAUDI ARABIA
Yancoal Australia Ltd;AU000000YAL0;3003003IC6G39HKQAD13;AUSTRALIA
Yangarra Resources Ltd.;CA98474P5013;5493007KXYEO5BVIF556;CANADA
Yankuang Energy Group Company Limited;CNE1000004Q8;3003005N7A6HYZ4Z0K39;CHINA
Yantai Jereh Oilfield Services Group Co., Ltd.;CNE100000L55;300300QPHWK638H2EU20;CHINA
Yashima Denki Co., Ltd.;JP3931700003;;JAPAN
YTL Power International Berhad;MYL6742OO000;;MALAYSIA
Yuan Heng Gas Holdings Limited;BMG9877V1054;;HONG KONG
Yushiro Chemical Industry Co., Ltd.;JP3948400001;;JAPAN
Zhejiang Fuchunjiang Environmental Thermoelectric Co.,LTD.;CNE100000TY5;300300ZJ9XAPYGNULE92;CHINA
Zhejiang Hengtong Holding Co.,Ltd.;CNE0000010Q7;;CHINA
Zhejiang Weiming Environment Protection Co., Ltd.;CNE1000023N5;;CHINA
Zhejiang Zheneng Electric Power Co., Ltd.;CNE100001SP3;;CHINA
Zhengzhou Coal Mining Machinery Group Company Limited;CNE100000S58;;CHINA
Zhongman Petroleum and Natural Gas Group Corp.,Ltd.;CNE100002TK0;;CHINA
Zhongxing Tianheng Energy Technology (Beijing) Co.,Ltd.;CNE000000GD7;300300BTHY5BVQMI7X93;CHINA
Zhongyu Energy Holdings Limited;KYG9891U1334;549300OJ2D9GJSG6VJ15;HONG KONG
